,Player,Nation,Pos,Squad,Comp,Age,Born,MP,Starts,Min,90s,Gls,Ast,G+A,G-PK,PK,PKatt,CrdY,CrdR,xG,npxG,xAG,npxG+xAG,PrgC,PrgP,PrgR,Gls,Ast,G+A,G-PK,G+A-PK,xG,xAG,xG+xAG,npxG,npxG+xAG
0,Max Aarons,eng ENG,MF,Valencia,La Liga,25-045,2000,1,0,31,0.3,0,0,0,0,0,0,0,0,0.0,0.0,0.0,0.0,0,2,3,0.00,0.00,0.00,0.00,0.00,0.00,0.00,0.00,0.00,0.00
1,Rodrigo Abajas,es ESP,DF,Valencia,La Liga,21-282,2003,1,1,65,0.7,0,0,0,0,0,0,1,0,0.1,0.1,0.0,0.1,3,2,3,0.00,0.00,0.00,0.00,0.00,0.10,0.00,0.10,0.10,0.10
2,Abel,es ESP,DF,Osasuna,La Liga,24-181,2000,23,12,"1,321",14.7,2,0,2,2,0,0,2,0,0.4,0.4,0.6,1.0,33,48,48,0.14,0.00,0.14,0.14,0.14,0.03,0.04,0.07,0.03,0.07
3,Nabil Aberdin,fr FRA,MF,Getafe,La Liga,22-179,2002,7,4,263,2.9,0,0,0,0,0,0,1,0,0.0,0.0,0.0,0.1,2,6,2,0.00,0.00,0.00,0.00,0.00,0.01,0.01,0.02,0.01,0.02
4,Abdel Abqar,ma MAR,DF,Alavés,La Liga,25-345,1999,22,22,"1,848",20.5,0,1,1,0,0,0,12,0,0.5,0.5,0.2,0.7,13,70,4,0.00,0.05,0.05,0.00,0.05,0.03,0.01,0.04,0.03,0.04
5,Akor Adams,ng NGA,FW,Sevilla,La Liga,25-020,2000,1,0,10,0.1,0,0,0,0,0,0,0,0,0.0,0.0,0.0,0.0,0,1,1,0.00,0.00,0.00,0.00,0.00,0.00,0.00,0.00,0.00,0.00
6,Adrián,es ESP,GK,Betis,La Liga,38-046,1987,5,5,450,5.0,0,0,0,0,0,0,2,0,0.0,0.0,0.0,0.0,0,0,0,0.00,0.00,0.00,0.00,0.00,0.00,0.00,0.00,0.00,0.00
7,Julen Agirrezabala,es ESP,GK,Athletic Club,La Liga,24-054,2000,14,14,"1,206",13.4,0,0,0,0,0,0,1,1,0.0,0.0,0.0,0.0,0,0,0,0.00,0.00,0.00,0.00,0.00,0.00,0.00,0.00,0.00,0.00
8,Lucien Agoume,fr FRA,MF,Sevilla,La Liga,23-009,2002,22,13,"1,132",12.6,0,0,0,0,0,0,3,1,0.2,0.2,0.6,0.8,13,55,13,0.00,0.00,0.00,0.00,0.00,0.02,0.05,0.07,0.02,0.07
9,Álvaro Aguado,es ESP,MF,Espanyol,La Liga,28-293,1996,11,4,406,4.5,0,0,0,0,0,0,2,0,0.4,0.4,0.0,0.5,9,25,2,0.00,0.00,0.00,0.00,0.00,0.10,0.01,0.11,0.10,0.11
10,Lorenzo Aguado,es ESP,DF,Real Madrid,La Liga,22-152,2002,2,0,5,0.1,0,0,0,0,0,0,0,0,0.0,0.0,0.0,0.0,0,0,0,0.00,0.00,0.00,0.00,0.00,0.00,0.00,0.00,0.00,0.00
11,Nayef Aguerd,ma MAR,DF,Real Sociedad,La Liga,28-325,1996,18,18,"1,549",17.2,0,0,0,0,0,0,4,0,2.1,2.1,0.1,2.2,22,69,1,0.00,0.00,0.00,0.00,0.00,0.12,0.01,0.13,0.12,0.13
12,Joseph Aidoo,gh GHA,DF,Valladolid,La Liga,29-142,1995,2,2,180,2.0,0,0,0,0,0,0,0,0,0.0,0.0,0.0,0.0,0,3,0,0.00,0.00,0.00,0.00,0.00,0.00,0.00,0.00,0.00,0.00
13,Joseph Aidoo,gh GHA,DF,Celta Vigo,La Liga,29-142,1995,1,0,2,0.0,0,0,0,0,0,0,0,0,0.0,0.0,0.0,0.0,0,1,0,0.00,0.00,0.00,0.00,0.00,0.00,0.00,0.00,0.00,0.00
14,Ilias Akhomach,ma MAR,"MF,FW",Villarreal,La Liga,20-308,2004,11,7,584,6.5,1,0,1,1,0,0,1,0,0.6,0.6,1.0,1.6,30,12,64,0.15,0.00,0.15,0.15,0.15,0.09,0.15,0.23,0.09,0.23
15,David Alaba,at AUT,DF,Real Madrid,La Liga,32-239,1992,2,0,38,0.4,0,0,0,0,0,0,0,0,0.0,0.0,0.0,0.0,1,2,0,0.00,0.00,0.00,0.00,0.00,0.00,0.00,0.00,0.00,0.00
16,Raúl Albiol,es ESP,DF,Villarreal,La Liga,39-167,1985,15,14,"1,188",13.2,0,0,0,0,0,0,5,0,0.1,0.1,0.0,0.1,3,34,0,0.00,0.00,0.00,0.00,0.00,0.01,0.00,0.01,0.01,0.01
17,Omar Alderete,py PAR,DF,Getafe,La Liga,28-054,1996,22,22,"1,963",21.8,0,0,0,0,0,0,6,0,0.7,0.7,0.9,1.6,22,78,5,0.00,0.00,0.00,0.00,0.00,0.03,0.04,0.07,0.03,0.07
18,Carles Aleñá,es ESP,"MF,FW",Getafe,La Liga,27-044,1998,10,5,452,5.0,0,0,0,0,0,0,1,0,0.9,0.9,0.1,1.0,3,12,10,0.00,0.00,0.00,0.00,0.00,0.18,0.02,0.20,0.18,0.20
19,Carles Aleñá,es ESP,FW,Alavés,La Liga,27-044,1998,1,1,86,1.0,0,2,2,0,0,0,0,0,0.1,0.1,0.1,0.3,0,6,4,0.00,2.09,2.09,0.00,2.09,0.14,0.15,0.29,0.14,0.29
20,Alfon,es ESP,"FW,MF",Celta Vigo,La Liga,25-290,1999,14,5,526,5.8,1,1,2,1,0,0,0,1,2.4,2.4,1.7,4.2,39,12,60,0.17,0.17,0.34,0.17,0.34,0.42,0.29,0.71,0.42,0.71
21,Tadeo Allende,ar ARG,FW,Celta Vigo,La Liga,25-364,1999,1,0,2,0.0,0,0,0,0,0,0,1,0,0.0,0.0,0.0,0.0,0,0,0,0.00,0.00,0.00,0.00,0.00,0.00,0.00,0.00,0.00,0.00
22,Domingos André Ribeiro Almeida,pt POR,"MF,FW",Valencia,La Liga,24-264,2000,21,14,"1,204",13.4,0,1,1,0,0,0,1,0,0.4,0.4,1.5,1.9,26,79,46,0.00,0.07,0.07,0.00,0.07,0.03,0.11,0.14,0.03,0.14
23,Iker Almena,es ESP,"FW,DF",Girona,La Liga,20-290,2004,2,0,48,0.5,0,1,1,0,0,0,0,0,0.0,0.0,0.7,0.7,6,2,10,0.00,1.87,1.87,0.00,1.87,0.06,1.27,1.33,0.06,1.33
24,Marcos Alonso,es ESP,DF,Celta Vigo,La Liga,34-052,1990,18,16,"1,530",17.0,0,0,0,0,0,0,8,1,0.7,0.7,0.3,1.0,30,116,33,0.00,0.00,0.00,0.00,0.00,0.04,0.02,0.06,0.04,0.06
25,Adrià Altimira,es ESP,"DF,FW",Leganés,La Liga,23-327,2001,14,11,"1,010",11.2,0,0,0,0,0,0,3,0,0.1,0.1,0.0,0.1,14,30,33,0.00,0.00,0.00,0.00,0.00,0.01,0.00,0.01,0.01,0.01
26,Sergi Altimira,es ESP,MF,Betis,La Liga,23-177,2001,20,14,"1,300",14.4,0,1,1,0,0,0,2,0,1.4,1.3,1.4,2.7,14,69,17,0.00,0.07,0.07,0.00,0.07,0.10,0.10,0.20,0.09,0.19
27,Hugo Álvarez,es ESP,"MF,DF",Celta Vigo,La Liga,21-231,2003,22,14,"1,387",15.4,4,2,6,4,0,0,5,0,2.3,2.3,0.8,3.1,66,48,143,0.26,0.13,0.39,0.26,0.39,0.15,0.05,0.20,0.15,0.20
28,Julián Álvarez,ar ARG,"FW,MF",Atlético Madrid,La Liga,25-018,2000,24,19,"1,596",17.7,7,2,9,6,1,1,4,0,6.9,6.1,2.9,9.0,51,53,105,0.39,0.11,0.51,0.34,0.45,0.39,0.16,0.55,0.35,0.51
29,Yeray Álvarez,es ESP,DF,Athletic Club,La Liga,30-025,1995,14,13,"1,151",12.8,0,0,0,0,0,0,3,0,0.3,0.3,0.2,0.5,14,83,0,0.00,0.00,0.00,0.00,0.00,0.02,0.02,0.04,0.02,0.04
30,Selim Amallah,ma MAR,MF,Valladolid,La Liga,28-095,1996,16,12,964,10.7,3,1,4,2,1,1,5,0,2.7,1.9,0.6,2.4,20,34,16,0.28,0.09,0.37,0.19,0.28,0.25,0.05,0.30,0.17,0.23
31,Amath,sn SEN,"FW,DF",Valladolid,La Liga,28-217,1996,9,5,316,3.5,0,1,1,0,0,0,1,0,0.4,0.4,0.2,0.6,7,11,21,0.00,0.28,0.28,0.00,0.28,0.10,0.06,0.16,0.10,0.16
32,Marcos André,br BRA,FW,Valladolid,La Liga,28-121,1996,16,11,944,10.5,1,1,2,1,0,0,5,0,2.0,2.0,0.6,2.6,10,10,30,0.10,0.10,0.19,0.10,0.19,0.19,0.06,0.25,0.19,0.25
33,Leandro Antonetti,pr PUR,FW,Sevilla,La Liga,22-036,2003,1,0,11,0.1,0,0,0,0,0,0,0,0,0.0,0.0,0.0,0.0,0,0,1,0.00,0.00,0.00,0.00,0.00,0.00,0.22,0.22,0.00,0.22
34,Antoniu,es ESP,MF,Espanyol,La Liga,22-166,2002,13,6,467,5.2,0,1,1,0,0,0,3,0,0.6,0.6,1.0,1.6,16,11,33,0.00,0.19,0.19,0.00,0.19,0.11,0.19,0.30,0.11,0.30
35,Antony,br BRA,FW,Betis,La Liga,24-360,2000,3,3,232,2.6,2,1,3,2,0,0,1,0,0.4,0.4,0.3,0.7,7,10,24,0.78,0.39,1.16,0.78,1.16,0.14,0.12,0.26,0.14,0.26
36,Anuar,ma MAR,"FW,MF",Valladolid,La Liga,30-034,1995,15,13,"1,136",12.6,2,0,2,2,0,0,5,0,1.3,1.3,0.5,1.8,13,17,34,0.16,0.00,0.16,0.16,0.16,0.10,0.04,0.14,0.10,0.14
37,Aritz Arambarri,es ESP,DF,Leganés,La Liga,27-018,1998,2,2,177,2.0,0,0,0,0,0,0,0,0,0.0,0.0,0.0,0.0,0,2,0,0.00,0.00,0.00,0.00,0.00,0.01,0.00,0.01,0.01,0.01
38,Mauro Arambarri,uy URU,MF,Getafe,La Liga,29-141,1995,22,18,"1,537",17.1,6,0,6,3,3,3,7,0,4.9,2.5,0.3,2.8,8,43,20,0.35,0.00,0.35,0.18,0.18,0.29,0.02,0.30,0.15,0.16
39,Jon Aramburu,ve VEN,DF,Real Sociedad,La Liga,22-210,2002,21,19,"1,615",17.9,0,0,0,0,0,0,7,0,0.3,0.3,0.8,1.1,17,69,33,0.00,0.00,0.00,0.00,0.00,0.02,0.04,0.06,0.02,0.06
40,Ronald Araújo,uy URU,DF,Barcelona,La Liga,25-348,1999,3,3,156,1.7,0,0,0,0,0,0,1,0,0.0,0.0,0.0,0.0,2,11,1,0.00,0.00,0.00,0.00,0.00,0.00,0.00,0.00,0.00,0.00
41,Adu Ares,es ESP,FW,Athletic Club,La Liga,23-129,2001,1,0,19,0.2,0,0,0,0,0,0,0,0,0.0,0.0,0.0,0.0,1,3,2,0.00,0.00,0.00,0.00,0.00,0.00,0.00,0.00,0.00,0.00
42,Jesús Areso,es ESP,DF,Osasuna,La Liga,25-231,1999,23,22,"1,949",21.7,0,1,1,0,0,0,5,0,0.1,0.1,1.7,1.8,68,74,134,0.00,0.05,0.05,0.00,0.05,0.01,0.08,0.08,0.01,0.08
43,David Argüelles,es ESP,MF,Getafe,La Liga,23-048,2002,1,0,7,0.1,0,0,0,0,0,0,0,0,0.0,0.0,0.0,0.0,1,0,0,0.00,0.00,0.00,0.00,0.00,0.00,0.00,0.00,0.00,0.00
44,José Arnaiz,es ESP,"FW,MF",Osasuna,La Liga,29-309,1995,7,0,50,0.6,0,0,0,0,0,0,0,0,0.1,0.1,0.1,0.2,3,3,7,0.00,0.00,0.00,0.00,0.00,0.12,0.16,0.28,0.12,0.28
45,Sergio Arribas,es ESP,DF,Betis,La Liga,22-008,2003,1,1,90,1.0,0,0,0,0,0,0,0,0,0.0,0.0,0.0,0.0,0,1,4,0.00,0.00,0.00,0.00,0.00,0.00,0.00,0.00,0.00,0.00
46,Takuma Asano,jp JPN,"FW,MF",Mallorca,La Liga,30-100,1994,13,6,557,6.2,0,0,0,0,0,0,0,0,1.3,1.3,0.0,1.3,19,11,42,0.00,0.00,0.00,0.00,0.00,0.20,0.00,0.20,0.20,0.20
47,Raúl Asencio,es ESP,DF,Real Madrid,La Liga,22-005,2003,12,7,769,8.5,0,1,1,0,0,0,0,0,0.0,0.0,0.4,0.5,3,11,4,0.00,0.12,0.12,0.00,0.12,0.00,0.05,0.05,0.00,0.05
48,Iago Aspas,es ESP,"FW,MF",Celta Vigo,La Liga,37-201,1987,17,13,"1,235",13.7,7,3,10,4,3,4,4,1,6.4,3.2,2.8,6.0,39,94,92,0.51,0.22,0.73,0.29,0.51,0.47,0.20,0.67,0.24,0.44
49,Yaser Asprilla,co COL,"FW,MF",Girona,La Liga,21-091,2003,15,9,841,9.3,2,0,2,2,0,0,2,0,1.3,1.3,1.3,2.5,40,59,91,0.21,0.00,0.21,0.21,0.21,0.14,0.14,0.27,0.14,0.27
50,Ezequiel Ávila,ar ARG,FW,Betis,La Liga,31-012,1994,16,6,591,6.6,2,0,2,2,0,0,4,1,1.5,1.5,1.0,2.5,12,18,44,0.30,0.00,0.30,0.30,0.30,0.23,0.15,0.39,0.23,0.39
51,Adam Aznou,ma MAR,"MF,DF",Valladolid,La Liga,18-261,2006,2,1,78,0.9,0,0,0,0,0,0,1,0,0.0,0.0,0.0,0.0,0,2,3,0.00,0.00,0.00,0.00,0.00,0.00,0.00,0.00,0.00,0.00
52,César Azpilicueta,es ESP,DF,Atlético Madrid,La Liga,35-174,1989,7,6,525,5.8,0,0,0,0,0,0,0,0,0.2,0.2,0.0,0.2,7,42,8,0.00,0.00,0.00,0.00,0.00,0.04,0.00,0.04,0.04,0.04
53,Papa Ba,es ESP,MF,Girona,La Liga,20-159,2004,1,0,48,0.5,0,0,0,0,0,0,0,0,0.0,0.0,0.0,0.0,1,0,2,0.00,0.00,0.00,0.00,0.00,0.06,0.00,0.06,0.06,0.06
54,Loïc Bade,fr FRA,DF,Sevilla,La Liga,24-313,2000,19,18,"1,641",18.2,1,1,2,1,0,0,5,0,0.5,0.5,0.6,1.1,6,36,3,0.05,0.05,0.11,0.05,0.11,0.03,0.03,0.06,0.03,0.06
55,Alex Baena,es ESP,"MF,FW",Villarreal,La Liga,23-213,2001,22,21,"1,819",20.2,6,6,12,6,0,1,8,0,5.5,4.7,7.9,12.6,63,136,112,0.30,0.30,0.59,0.30,0.59,0.27,0.39,0.66,0.23,0.62
56,Juma Bah,sl SLE,DF,Valladolid,La Liga,18-313,2006,12,10,864,9.6,0,0,0,0,0,0,1,0,0.3,0.3,0.0,0.3,0,13,1,0.00,0.00,0.00,0.00,0.00,0.03,0.00,0.03,0.03,0.03
57,Eric Bailly,ci CIV,DF,Villarreal,La Liga,30-312,1994,10,7,580,6.4,0,0,0,0,0,0,2,0,0.3,0.3,0.0,0.3,1,18,0,0.00,0.00,0.00,0.00,0.00,0.05,0.00,0.05,0.05,0.05
58,Stefan Bajcetic,es ESP,MF,Las Palmas,La Liga,20-119,2004,3,2,188,2.1,1,0,1,1,0,0,0,0,0.2,0.2,0.1,0.3,3,10,2,0.48,0.00,0.48,0.48,0.48,0.09,0.05,0.14,0.09,0.14
59,Cédric Bakambu,cd COD,FW,Betis,La Liga,33-313,1991,15,5,505,5.6,1,2,3,1,0,0,4,0,2.2,2.2,0.6,2.8,4,9,33,0.18,0.36,0.53,0.18,0.53,0.40,0.10,0.50,0.40,0.50
60,Alejandro Balde,es ESP,DF,Barcelona,La Liga,21-123,2003,22,20,"1,699",18.9,0,3,3,0,0,0,1,0,0.4,0.4,2.3,2.7,79,69,184,0.00,0.16,0.16,0.00,0.16,0.02,0.12,0.14,0.02,0.14
61,Iván Balliu,al ALB,DF,Rayo Vallecano,La Liga,33-048,1992,17,7,743,8.3,0,0,0,0,0,0,2,0,0.0,0.0,0.4,0.4,6,25,11,0.00,0.00,0.00,0.00,0.00,0.00,0.05,0.05,0.00,0.05
62,Jonathan Bamba,ci CIV,"FW,MF",Celta Vigo,La Liga,28-329,1996,12,10,811,9.0,0,1,1,0,0,0,1,0,0.8,0.8,1.8,2.6,31,30,71,0.00,0.11,0.11,0.00,0.11,0.09,0.20,0.29,0.09,0.29
63,Adrian Baquerin,es ESP,FW,Valladolid,La Liga,17-351,2007,1,0,3,0.0,0,0,0,0,0,0,0,0,0.0,0.0,0.0,0.0,0,0,0,0.00,0.00,0.00,0.00,0.00,0.00,0.00,0.00,0.00,0.00
64,Valentín Barco,ar ARG,"DF,FW",Sevilla,La Liga,20-210,2004,7,3,288,3.2,0,0,0,0,0,0,0,0,0.3,0.3,0.6,0.9,4,13,13,0.00,0.00,0.00,0.00,0.00,0.09,0.20,0.28,0.09,0.28
65,Borna Barišić,hr CRO,DF,Leganés,La Liga,32-100,1992,1,1,9,0.1,0,0,0,0,0,0,0,0,0.0,0.0,0.0,0.0,0,0,0,0.00,0.00,0.00,0.00,0.00,0.00,0.00,0.00,0.00,0.00
66,Kike Barja,es ESP,"FW,MF",Osasuna,La Liga,27-323,1997,7,3,200,2.2,0,0,0,0,0,0,2,0,0.2,0.2,0.5,0.7,13,2,26,0.00,0.00,0.00,0.00,0.00,0.07,0.22,0.29,0.07,0.29
67,Enzo Barrenechea,ar ARG,MF,Valencia,La Liga,23-272,2001,17,14,"1,150",12.8,1,1,2,1,0,0,5,0,0.9,0.9,0.4,1.3,9,46,8,0.08,0.08,0.16,0.08,0.16,0.07,0.03,0.10,0.07,0.10
68,Ander Barrenetxea,es ESP,"MF,FW",Real Sociedad,La Liga,23-053,2001,19,8,805,8.9,1,2,3,1,0,0,4,0,1.4,1.4,1.1,2.5,33,35,108,0.11,0.22,0.34,0.11,0.34,0.16,0.13,0.28,0.16,0.28
69,Pablo Barrios,es ESP,MF,Atlético Madrid,La Liga,21-248,2003,19,18,"1,488",16.5,0,2,2,0,0,0,3,1,0.9,0.9,1.3,2.3,17,91,48,0.00,0.12,0.12,0.00,0.12,0.06,0.08,0.14,0.06,0.14
70,Thierno Barry,fr FRA,FW,Villarreal,La Liga,22-120,2002,23,16,"1,477",16.4,8,3,11,7,1,1,2,0,9.2,8.4,2.2,10.6,23,16,84,0.49,0.18,0.67,0.43,0.61,0.56,0.13,0.69,0.51,0.65
71,Marc Bartra,es ESP,DF,Betis,La Liga,34-034,1991,13,12,"1,106",12.3,2,0,2,2,0,0,1,0,0.8,0.8,0.0,0.8,4,38,1,0.16,0.00,0.16,0.16,0.16,0.07,0.00,0.07,0.07,0.07
72,Aboubacar Bassinga,ci CIV,MF,Las Palmas,La Liga,19-220,2005,1,0,4,0.0,0,0,0,0,0,0,0,0,0.0,0.0,0.0,0.0,0,0,0,0.00,0.00,0.00,0.00,0.00,0.00,0.00,0.00,0.00,0.00
73,Augusto Batalla,ar ARG,GK,Rayo Vallecano,La Liga,28-294,1996,19,19,"1,710",19.0,0,0,0,0,0,0,3,0,0.0,0.0,0.0,0.0,0,2,0,0.00,0.00,0.00,0.00,0.00,0.00,0.00,0.00,0.00,0.00
74,Rafael Bauza,es ESP,MF,Espanyol,La Liga,20-019,2005,5,2,183,2.0,0,0,0,0,0,0,1,0,0.1,0.1,0.0,0.1,1,7,3,0.00,0.00,0.00,0.00,0.00,0.04,0.00,0.04,0.04,0.04
75,Sheraldo Becker,sr SUR,"FW,MF",Real Sociedad,La Liga,30-009,1995,19,10,911,10.1,2,1,3,2,0,0,1,1,1.8,1.8,2.0,3.8,46,23,98,0.20,0.10,0.30,0.20,0.30,0.18,0.19,0.37,0.18,0.37
76,Donny van de Beek,nl NED,MF,Girona,La Liga,27-306,1997,19,14,"1,197",13.3,2,2,4,2,0,0,4,0,1.2,1.2,3.0,4.2,13,38,76,0.15,0.15,0.30,0.15,0.30,0.09,0.23,0.32,0.09,0.31
77,Ismael Bekhoucha,ma MAR,MF,Getafe,La Liga,20-090,2004,1,0,1,0.0,0,0,0,0,0,0,1,0,0.0,0.0,0.0,0.0,0,0,0,0.00,0.00,0.00,0.00,0.00,0.00,0.00,0.00,0.00,0.00
78,Héctor Bellerín,es ESP,DF,Betis,La Liga,29-336,1995,7,6,524,5.8,0,1,1,0,0,0,1,0,0.2,0.2,2.0,2.2,3,24,20,0.00,0.17,0.17,0.00,0.17,0.03,0.34,0.38,0.03,0.38
79,Jude Bellingham,eng ENG,MF,Real Madrid,La Liga,21-234,2003,20,20,"1,628",18.1,7,6,13,6,1,2,3,1,7.8,6.3,2.7,8.9,54,134,93,0.39,0.33,0.72,0.33,0.66,0.43,0.15,0.58,0.35,0.49
80,Fran Beltrán,es ESP,MF,Celta Vigo,La Liga,26-015,1999,20,19,"1,498",16.6,2,0,2,2,0,0,2,0,0.5,0.5,1.0,1.5,14,95,16,0.12,0.00,0.12,0.12,0.12,0.03,0.06,0.09,0.03,0.09
81,Carlos Benavídez,uy URU,MF,Alavés,La Liga,26-325,1998,10,5,331,3.7,1,1,2,1,0,0,2,0,0.1,0.1,0.6,0.7,3,18,4,0.27,0.27,0.54,0.27,0.54,0.03,0.17,0.20,0.03,0.20
82,Iker Benito,es ESP,"FW,MF",Osasuna,La Liga,22-192,2002,2,0,37,0.4,0,0,0,0,0,0,0,0,0.0,0.0,0.0,0.0,2,0,4,0.00,0.00,0.00,0.00,0.00,0.00,0.09,0.09,0.00,0.09
83,Yuri Berchiche,es ESP,DF,Athletic Club,La Liga,35-008,1990,20,13,"1,289",14.3,0,0,0,0,0,0,3,0,0.4,0.4,1.2,1.6,26,90,42,0.00,0.00,0.00,0.00,0.00,0.03,0.08,0.11,0.03,0.11
84,Álex Berenguer,es ESP,"FW,MF",Athletic Club,La Liga,29-229,1995,23,17,"1,410",15.7,5,6,11,5,0,1,3,0,5.6,4.8,3.9,8.7,40,50,124,0.32,0.38,0.70,0.32,0.70,0.35,0.25,0.60,0.30,0.55
85,Marc Bernal,es ESP,MF,Barcelona,La Liga,17-268,2007,3,3,242,2.7,0,0,0,0,0,0,2,0,0.1,0.1,0.0,0.1,0,8,2,0.00,0.00,0.00,0.00,0.00,0.03,0.01,0.03,0.03,0.03
86,Juan Bernat,es ESP,"DF,MF",Villarreal,La Liga,31-354,1993,10,1,212,2.4,0,1,1,0,0,0,0,0,0.3,0.3,0.4,0.7,4,8,23,0.00,0.42,0.42,0.00,0.42,0.12,0.17,0.29,0.12,0.29
87,Juan Bernat,es ESP,MF,Getafe,La Liga,31-354,1993,2,2,137,1.5,0,0,0,0,0,0,0,0,0.0,0.0,0.0,0.0,0,1,1,0.00,0.00,0.00,0.00,0.00,0.00,0.00,0.00,0.00,0.00
88,Juan Berrocal,es ESP,DF,Getafe,La Liga,25-290,1999,11,7,704,7.8,0,0,0,0,0,0,6,1,0.2,0.2,0.0,0.2,1,16,1,0.00,0.00,0.00,0.00,0.00,0.03,0.00,0.03,0.03,0.03
89,Antonio Blanco,es ESP,MF,Alavés,La Liga,24-210,2000,22,19,"1,600",17.8,0,1,1,0,0,0,5,0,0.7,0.7,1.3,1.9,4,86,9,0.00,0.06,0.06,0.00,0.06,0.04,0.07,0.11,0.04,0.11
90,Daley Blind,nl NED,DF,Girona,La Liga,34-346,1990,20,17,"1,520",16.9,0,1,1,0,0,0,2,0,0.2,0.2,0.8,1.0,43,163,33,0.00,0.06,0.06,0.00,0.06,0.01,0.05,0.06,0.01,0.06
91,Adama Boiro,es ESP,DF,Athletic Club,La Liga,22-241,2002,11,9,686,7.6,0,0,0,0,0,0,1,0,0.2,0.2,0.2,0.3,11,23,15,0.00,0.00,0.00,0.00,0.00,0.02,0.02,0.04,0.02,0.04
92,Enzo Boyomo,cm CMR,DF,Osasuna,La Liga,23-134,2001,20,20,"1,772",19.7,2,0,2,2,0,0,5,0,1.1,1.1,0.8,1.8,9,64,1,0.10,0.00,0.10,0.10,0.10,0.05,0.04,0.09,0.05,0.09
93,Enzo Boyomo,cm CMR,DF,Valladolid,La Liga,23-134,2001,3,3,270,3.0,0,0,0,0,0,0,0,0,0.1,0.1,0.0,0.1,1,7,0,0.00,0.00,0.00,0.00,0.00,0.02,0.00,0.02,0.02,0.02
94,Darko Brašanac,rs SRB,MF,Leganés,La Liga,33-006,1992,21,12,"1,246",13.8,1,2,3,1,0,0,2,0,1.7,1.7,0.2,1.9,4,34,39,0.07,0.14,0.22,0.07,0.22,0.12,0.02,0.13,0.12,0.13
95,Tajon Buchanan,ca CAN,MF,Villarreal,La Liga,26-010,1999,2,0,40,0.4,0,0,0,0,0,0,0,0,0.0,0.0,0.0,0.0,4,0,2,0.00,0.00,0.00,0.00,0.00,0.00,0.00,0.00,0.00,0.00
96,Ante Budimir,hr CRO,FW,Osasuna,La Liga,33-211,1991,24,21,"1,806",20.1,13,1,14,8,5,5,3,0,9.9,6.2,1.2,7.5,16,17,80,0.65,0.05,0.70,0.40,0.45,0.50,0.06,0.56,0.31,0.37
97,Manu Bueno,es ESP,MF,Sevilla,La Liga,20-206,2004,4,1,98,1.1,1,0,1,1,0,0,0,0,0.1,0.1,0.0,0.1,2,3,4,0.92,0.00,0.92,0.92,0.92,0.11,0.00,0.11,0.11,0.11
98,Endika Buján,es ESP,FW,Athletic Club,La Liga,22-033,2003,1,0,7,0.1,0,0,0,0,0,0,0,0,0.0,0.0,0.0,0.0,1,0,0,0.00,0.00,0.00,0.00,0.00,0.00,0.00,0.00,0.00,0.00
99,Pau Cabanes,es ESP,"MF,FW",Villarreal,La Liga,20-001,2005,10,0,163,1.8,1,0,1,1,0,0,0,0,0.5,0.5,0.4,0.9,10,11,33,0.55,0.00,0.55,0.55,0.55,0.26,0.22,0.47,0.26,0.47
100,Pau Cabanes,es ESP,MF,Alavés,La Liga,20-001,2005,1,0,28,0.3,0,0,0,0,0,0,0,0,0.0,0.0,0.0,0.0,3,1,3,0.00,0.00,0.00,0.00,0.00,0.00,0.00,0.00,0.00,0.00
101,Leandro Cabrera,uy URU,DF,Espanyol,La Liga,33-246,1991,20,19,"1,710",19.0,2,1,3,2,0,0,3,0,0.6,0.6,0.4,1.0,6,47,3,0.11,0.05,0.16,0.11,0.16,0.03,0.02,0.05,0.03,0.05
102,Fernando Calero,es ESP,"DF,MF",Espanyol,La Liga,29-157,1995,9,3,345,3.8,0,0,0,0,0,0,0,0,0.2,0.2,0.0,0.2,0,5,1,0.00,0.00,0.00,0.00,0.00,0.04,0.00,0.05,0.04,0.05
103,Eduardo Camavinga,fr FRA,"MF,DF",Real Madrid,La Liga,22-100,2002,10,7,621,6.9,0,2,2,0,0,0,1,0,0.1,0.1,0.2,0.3,13,40,12,0.00,0.29,0.29,0.00,0.29,0.02,0.02,0.05,0.02,0.05
104,Sergio Camello,es ESP,FW,Rayo Vallecano,La Liga,24-008,2001,23,14,"1,134",12.6,3,2,5,3,0,0,2,0,4.1,4.1,2.0,6.1,20,27,68,0.24,0.16,0.40,0.24,0.40,0.32,0.16,0.48,0.32,0.48
105,José Campaña,es ESP,MF,Las Palmas,La Liga,31-263,1993,14,10,738,8.2,0,2,2,0,0,0,3,0,0.1,0.1,0.6,0.7,4,51,9,0.00,0.24,0.24,0.00,0.24,0.01,0.07,0.08,0.01,0.08
106,Peio Canales,es ESP,"MF,FW",Athletic Club,La Liga,20-032,2005,3,0,39,0.4,0,0,0,0,0,0,0,0,0.0,0.0,0.0,0.0,0,0,3,0.00,0.00,0.00,0.00,0.00,0.05,0.00,0.05,0.05,0.05
107,Antonio Candela,it ITA,DF,Valladolid,La Liga,24-297,2000,2,2,167,1.9,0,0,0,0,0,0,0,0,0.0,0.0,0.0,0.0,4,5,3,0.00,0.00,0.00,0.00,0.00,0.00,0.02,0.02,0.00,0.02
108,Sergi Canós,es ESP,"MF,FW",Valencia,La Liga,28-016,1997,14,2,342,3.8,0,0,0,0,0,0,3,0,0.5,0.5,0.1,0.6,7,8,43,0.00,0.00,0.00,0.00,0.00,0.13,0.03,0.16,0.13,0.16
109,Cárdenas,es ESP,GK,Rayo Vallecano,La Liga,27-327,1997,5,5,450,5.0,0,0,0,0,0,0,0,0,0.0,0.0,0.0,0.0,0,0,0,0.00,0.00,0.00,0.00,0.00,0.00,0.00,0.00,0.00,0.00
110,Irvin Cardona,fr FRA,"FW,MF",Espanyol,La Liga,27-194,1997,16,5,606,6.7,1,1,2,1,0,0,1,0,1.1,1.1,0.6,1.7,14,15,43,0.15,0.15,0.30,0.15,0.30,0.16,0.09,0.25,0.16,0.25
111,Marc Cardona,es ESP,"FW,MF",Las Palmas,La Liga,29-225,1995,7,0,90,1.0,0,0,0,0,0,0,1,0,0.2,0.2,0.0,0.2,2,2,6,0.00,0.00,0.00,0.00,0.00,0.16,0.00,0.16,0.16,0.16
112,Sergi Cardona,es ESP,DF,Villarreal,La Liga,25-225,1999,23,23,"2,042",22.7,1,6,7,1,0,0,6,0,2.1,2.1,4.9,7.0,38,51,131,0.04,0.26,0.31,0.04,0.31,0.09,0.22,0.31,0.09,0.31
113,Johnny Cardoso,us USA,MF,Betis,La Liga,23-151,2001,17,14,"1,275",14.2,0,1,1,0,0,0,3,0,0.9,0.9,0.8,1.8,9,45,20,0.00,0.07,0.07,0.00,0.07,0.07,0.06,0.13,0.07,0.13
114,Carmona,es ESP,DF,Sevilla,La Liga,23-020,2002,22,22,"1,930",21.4,0,0,0,0,0,0,5,0,0.3,0.3,1.3,1.6,22,75,23,0.00,0.00,0.00,0.00,0.00,0.02,0.06,0.08,0.02,0.08
115,Sergio Carreira,es ESP,"MF,DF",Celta Vigo,La Liga,24-128,2000,11,8,687,7.6,0,2,2,0,0,0,0,0,0.1,0.1,1.4,1.5,22,29,63,0.00,0.26,0.26,0.00,0.26,0.01,0.18,0.19,0.01,0.19
116,Dani Carvajal,es ESP,DF,Real Madrid,La Liga,33-038,1992,8,7,609,6.8,1,0,1,1,0,0,1,0,1.3,1.3,0.2,1.5,13,27,48,0.15,0.00,0.15,0.15,0.15,0.19,0.03,0.22,0.19,0.22
117,William Carvalho,pt POR,MF,Betis,La Liga,32-317,1992,4,4,247,2.7,0,0,0,0,0,0,0,0,0.1,0.1,0.0,0.2,1,20,2,0.00,0.00,0.00,0.00,0.00,0.05,0.01,0.06,0.05,0.06
118,Marc Casado,es ESP,MF,Barcelona,La Liga,21-157,2003,20,17,"1,365",15.2,0,3,3,0,0,0,4,1,0.9,0.9,1.3,2.3,10,94,21,0.00,0.20,0.20,0.00,0.20,0.06,0.09,0.15,0.06,0.15
119,Catena,es ESP,DF,Osasuna,La Liga,30-113,1994,22,22,"1,980",22.0,0,1,1,0,0,0,7,0,1.4,1.4,0.6,2.0,9,57,2,0.00,0.05,0.05,0.00,0.05,0.07,0.03,0.09,0.07,0.09
121,Dani Ceballos,es ESP,MF,Real Madrid,La Liga,28-195,1996,14,10,814,9.0,0,0,0,0,0,0,4,0,0.3,0.3,1.4,1.6,27,109,10,0.00,0.00,0.00,0.00,0.00,0.03,0.15,0.18,0.03,0.18
122,Franco Cervi,ar ARG,"FW,MF",Celta Vigo,La Liga,30-268,1994,6,4,258,2.9,0,0,0,0,0,0,1,0,0.0,0.0,0.3,0.3,3,14,21,0.00,0.00,0.00,0.00,0.00,0.00,0.12,0.12,0.00,0.12
123,Raúl Chasco,es ESP,DF,Valladolid,La Liga,21-158,2003,2,1,130,1.4,0,0,0,0,0,0,0,0,0.0,0.0,0.0,0.0,1,3,2,0.00,0.00,0.00,0.00,0.00,0.00,0.02,0.02,0.00,0.02
124,Pep Chavarría,es ESP,DF,Rayo Vallecano,La Liga,26-314,1998,20,16,"1,470",16.3,0,1,1,0,0,0,1,0,1.0,1.0,1.0,1.9,28,67,72,0.00,0.06,0.06,0.00,0.06,0.06,0.06,0.12,0.06,0.12
125,Walid Cheddira,ma MAR,FW,Espanyol,La Liga,27-027,1998,17,5,592,6.6,1,1,2,1,0,0,2,0,0.9,0.9,1.2,2.1,7,11,31,0.15,0.15,0.30,0.15,0.30,0.13,0.18,0.31,0.13,0.31
126,Chema,es ESP,MF,Real Madrid,La Liga,19-299,2005,1,0,8,0.1,0,0,0,0,0,0,0,0,0.0,0.0,0.0,0.0,0,0,0,0.00,0.00,0.00,0.00,0.00,0.00,0.00,0.00,0.00,0.00
127,Julián Chicco,ar ARG,MF,Leganés,La Liga,27-036,1998,9,1,196,2.2,0,0,0,0,0,0,0,0,0.4,0.4,0.1,0.5,7,14,4,0.00,0.00,0.00,0.00,0.00,0.20,0.04,0.24,0.20,0.24
128,Chiquinho,pt POR,"MF,FW",Mallorca,La Liga,25-013,2000,8,1,146,1.6,0,0,0,0,0,0,2,0,0.3,0.3,0.0,0.3,4,1,12,0.00,0.00,0.00,0.00,0.00,0.19,0.02,0.21,0.19,0.21
129,Andreas Christensen,dk DEN,DF,Barcelona,La Liga,28-314,1996,1,0,27,0.3,0,0,0,0,0,0,1,0,0.0,0.0,0.0,0.0,0,0,0,0.00,0.00,0.00,0.00,0.00,0.00,0.00,0.00,0.00,0.00
130,Jasper Cillessen,nl NED,GK,Las Palmas,La Liga,35-302,1989,22,22,"1,949",21.7,0,0,0,0,0,0,1,0,0.0,0.0,0.0,0.0,0,0,0,0.00,0.00,0.00,0.00,0.00,0.00,0.00,0.00,0.00,0.00
131,Pathé Ciss,sn SEN,MF,Rayo Vallecano,La Liga,30-339,1994,20,12,"1,080",12.0,2,1,3,2,0,0,7,0,1.4,1.4,0.8,2.2,9,67,9,0.17,0.08,0.25,0.17,0.25,0.11,0.07,0.18,0.11,0.18
132,Seydouba Cissé,gn GUI,MF,Leganés,La Liga,24-008,2001,21,19,"1,497",16.6,2,0,2,2,0,0,3,0,1.1,1.1,0.3,1.3,16,65,27,0.12,0.00,0.12,0.12,0.12,0.06,0.02,0.08,0.06,0.08
133,Silvi Clúa,es ESP,MF,Girona,La Liga,20-020,2005,4,2,163,1.8,0,0,0,0,0,0,0,0,0.0,0.0,0.0,0.1,4,3,3,0.00,0.00,0.00,0.00,0.00,0.02,0.02,0.04,0.02,0.04
134,Eray Cömert,ch SUI,"DF,MF",Valladolid,La Liga,27-014,1998,16,13,"1,073",11.9,0,0,0,0,0,0,5,0,0.5,0.5,0.0,0.5,6,27,4,0.00,0.00,0.00,0.00,0.00,0.04,0.00,0.04,0.04,0.04
135,Santi Comesaña,es ESP,MF,Villarreal,La Liga,28-136,1996,22,19,"1,576",17.5,3,2,5,3,0,0,5,0,2.2,2.2,1.3,3.6,26,103,36,0.17,0.11,0.29,0.17,0.29,0.13,0.08,0.20,0.13,0.20
136,Diego Conde,es ESP,GK,Villarreal,La Liga,26-113,1998,18,18,"1,602",17.8,0,1,1,0,0,0,1,0,0.0,0.0,0.2,0.2,0,0,0,0.00,0.06,0.06,0.00,0.06,0.00,0.01,0.01,0.00,0.01
137,Tomás Conechny,ar ARG,"FW,MF",Alavés,La Liga,26-325,1998,14,9,701,7.8,1,0,1,1,0,0,4,0,2.3,2.3,0.2,2.5,12,14,53,0.13,0.00,0.13,0.13,0.13,0.29,0.03,0.32,0.29,0.32
138,Copete,es ESP,DF,Mallorca,La Liga,25-131,1999,16,7,749,8.3,0,0,0,0,0,0,4,0,0.4,0.4,0.0,0.4,6,23,1,0.00,0.00,0.00,0.00,0.00,0.05,0.00,0.05,0.05,0.05
139,Iker Córdoba,es ESP,DF,Valencia,La Liga,19-099,2005,2,0,15,0.2,0,0,0,0,0,0,0,0,0.0,0.0,0.1,0.1,0,1,1,0.00,0.00,0.00,0.00,0.00,0.00,0.45,0.45,0.00,0.45
140,Ángel Correa,ar ARG,"FW,MF",Atlético Madrid,La Liga,29-346,1995,22,3,601,6.7,2,1,3,2,0,0,3,0,4.0,4.0,1.2,5.2,19,17,61,0.30,0.15,0.45,0.30,0.45,0.60,0.18,0.78,0.60,0.78
141,Thierry Correia,pt POR,DF,Valencia,La Liga,25-346,1999,11,9,768,8.5,0,0,0,0,0,0,1,0,0.3,0.3,0.3,0.6,16,44,48,0.00,0.00,0.00,0.00,0.00,0.04,0.04,0.08,0.04,0.08
142,Coba da Costa,es ESP,"MF,FW",Getafe,La Liga,22-207,2002,8,7,570,6.3,1,1,2,1,0,0,3,0,0.7,0.7,0.6,1.3,21,7,38,0.16,0.16,0.32,0.16,0.32,0.11,0.09,0.20,0.11,0.20
143,Logan Costa,cv CPV,DF,Villarreal,La Liga,23-323,2001,18,16,"1,423",15.8,2,0,2,2,0,0,2,0,0.6,0.6,0.3,0.9,15,62,9,0.13,0.00,0.13,0.13,0.13,0.04,0.02,0.06,0.04,0.06
144,Samu Costa,pt POR,MF,Mallorca,La Liga,24-083,2000,20,20,"1,681",18.7,0,2,2,0,0,0,6,1,1.4,1.4,1.1,2.5,15,76,49,0.00,0.11,0.11,0.00,0.11,0.07,0.06,0.13,0.07,0.13
145,Thibaut Courtois,be BEL,GK,Real Madrid,La Liga,32-283,1992,21,21,"1,890",21.0,0,0,0,0,0,0,0,0,0.0,0.0,0.0,0.0,0,0,0,0.00,0.00,0.00,0.00,0.00,0.00,0.00,0.00,0.00,0.00
146,Juan Cruz Armada,es ESP,DF,Osasuna,La Liga,32-205,1992,16,13,976,10.8,0,0,0,0,0,0,2,0,0.1,0.1,0.0,0.1,7,34,10,0.00,0.00,0.00,0.00,0.00,0.01,0.00,0.01,0.01,0.01
147,Juan Cruz,es ESP,"FW,DF",Leganés,La Liga,24-299,2000,23,17,"1,488",16.5,4,1,5,4,0,0,2,0,1.5,1.5,1.6,3.1,38,40,86,0.24,0.06,0.30,0.24,0.30,0.09,0.09,0.19,0.09,0.19
148,Pau Cubarsí,es ESP,DF,Barcelona,La Liga,18-027,2007,24,21,"1,907",21.2,0,3,3,0,0,0,3,0,0.7,0.7,1.6,2.3,19,136,4,0.00,0.14,0.14,0.00,0.14,0.03,0.08,0.11,0.03,0.11
149,Cucho,co COL,FW,Betis,La Liga,25-304,1999,1,1,72,0.8,0,0,0,0,0,0,0,0,0.1,0.1,0.0,0.1,1,2,3,0.00,0.00,0.00,0.00,0.00,0.08,0.00,0.08,0.08,0.08
150,Arnaut Danjuma,nl NED,FW,Villarreal,La Liga,28-018,1997,3,3,200,2.2,2,0,2,2,0,0,1,0,0.8,0.8,0.0,0.8,4,1,17,0.90,0.00,0.90,0.90,0.90,0.37,0.01,0.38,0.37,0.38
151,Arnaut Danjuma,nl NED,"FW,MF",Girona,La Liga,28-018,1997,15,9,800,8.9,1,0,1,1,0,0,2,0,1.7,1.7,0.7,2.4,54,25,110,0.11,0.00,0.11,0.11,0.11,0.20,0.07,0.27,0.20,0.27
152,Sergi Darder,es ESP,"MF,FW",Mallorca,La Liga,31-058,1993,24,20,"1,556",17.3,0,1,1,0,0,0,1,0,1.6,1.6,1.7,3.3,28,90,58,0.00,0.06,0.06,0.00,0.06,0.09,0.10,0.19,0.09,0.19
153,Rodrigo De Paul,ar ARG,MF,Atlético Madrid,La Liga,30-270,1994,22,13,"1,271",14.1,3,3,6,3,0,0,6,0,1.1,1.1,3.8,4.9,48,141,51,0.21,0.21,0.42,0.21,0.42,0.08,0.27,0.35,0.08,0.35
154,Mouctar Diakhaby,gn GUI,DF,Valencia,La Liga,28-061,1996,3,1,75,0.8,1,0,1,1,0,0,0,0,0.5,0.5,0.0,0.5,0,1,0,1.20,0.00,1.20,1.20,1.20,0.58,0.02,0.60,0.58,0.60
155,Assane Diao,es ESP,FW,Betis,La Liga,19-164,2005,10,2,277,3.1,1,2,3,1,0,0,0,0,0.8,0.8,1.5,2.3,9,1,27,0.32,0.65,0.97,0.32,0.97,0.26,0.50,0.75,0.26,0.75
156,Moussa Diarra,ml MLI,DF,Alavés,La Liga,24-100,2000,19,16,"1,479",16.4,0,0,0,0,0,0,4,0,0.0,0.0,0.1,0.1,9,56,20,0.00,0.00,0.00,0.00,0.00,0.00,0.01,0.01,0.00,0.01
157,Brahim Díaz,ma MAR,"FW,MF",Real Madrid,La Liga,25-199,1999,19,9,849,9.4,3,2,5,3,0,0,0,0,2.9,2.9,2.3,5.2,20,46,62,0.32,0.21,0.53,0.32,0.53,0.31,0.25,0.56,0.31,0.56
158,Pedro Díaz,es ESP,"MF,FW",Rayo Vallecano,La Liga,26-258,1998,12,3,343,3.8,0,0,0,0,0,0,1,0,0.5,0.5,0.8,1.3,6,14,9,0.00,0.00,0.00,0.00,0.00,0.14,0.20,0.33,0.14,0.33
159,Diego,es ESP,"FW,MF",Leganés,La Liga,24-306,2000,15,5,531,5.9,1,0,1,1,0,0,0,0,1.4,1.4,0.2,1.6,6,10,27,0.17,0.00,0.17,0.17,0.17,0.24,0.04,0.27,0.24,0.27
160,Stole Dimitrievski,mk MKD,GK,Valencia,La Liga,31-055,1993,4,4,360,4.0,0,0,0,0,0,0,1,0,0.0,0.0,0.0,0.0,0,0,0,0.00,0.00,0.00,0.00,0.00,0.00,0.00,0.00,0.00,0.00
161,Álvaro djaló,es ESP,FW,Athletic Club,La Liga,25-186,1999,13,4,457,5.1,1,0,1,1,0,0,0,0,0.8,0.8,0.7,1.5,16,7,42,0.20,0.00,0.20,0.20,0.20,0.15,0.15,0.29,0.15,0.29
162,Djené,tg TOG,"DF,MF",Getafe,La Liga,33-049,1991,22,22,"1,802",20.0,0,0,0,0,0,0,8,0,0.3,0.3,0.6,0.9,12,52,11,0.00,0.00,0.00,0.00,0.00,0.01,0.03,0.04,0.01,0.04
163,Marko Dmitrović,rs SRB,GK,Leganés,La Liga,33-025,1992,18,18,"1,620",18.0,0,0,0,0,0,0,0,0,0.0,0.0,0.0,0.0,0,0,0,0.00,0.00,0.00,0.00,0.00,0.00,0.00,0.00,0.00,0.00
164,Marc Domenech,es ESP,FW,Mallorca,La Liga,19-048,2006,3,2,115,1.3,0,0,0,0,0,0,0,0,0.1,0.1,0.0,0.2,0,2,8,0.00,0.00,0.00,0.00,0.00,0.11,0.01,0.12,0.11,0.12
165,Carlos Dominguez,es ESP,DF,Celta Vigo,La Liga,24-007,2001,12,9,737,8.2,0,0,0,0,0,0,1,0,0.2,0.2,0.0,0.3,6,42,1,0.00,0.00,0.00,0.00,0.00,0.03,0.01,0.03,0.03,0.03
166,Israel Domínguez,es ESP,FW,Sevilla,La Liga,21-287,2003,1,0,18,0.2,0,0,0,0,0,0,0,0,0.0,0.0,0.0,0.0,0,0,0,0.00,0.00,0.00,0.00,0.00,0.00,0.00,0.00,0.00,0.00
167,Sergi Dominguez,es ESP,DF,Barcelona,La Liga,19-323,2005,3,2,172,1.9,0,0,0,0,0,0,1,0,0.0,0.0,0.0,0.0,0,13,1,0.00,0.00,0.00,0.00,0.00,0.00,0.00,0.00,0.00,0.00
168,Anastasios Douvikas,gr GRE,FW,Celta Vigo,La Liga,25-200,1999,20,6,700,7.8,3,1,4,3,0,0,2,0,4.4,4.4,0.2,4.7,6,6,43,0.39,0.13,0.51,0.39,0.51,0.57,0.03,0.60,0.57,0.60
169,Domingos Duarte,pt POR,DF,Getafe,La Liga,29-345,1995,10,9,812,9.0,0,0,0,0,0,0,0,0,0.0,0.0,0.1,0.1,3,21,1,0.00,0.00,0.00,0.00,0.00,0.00,0.01,0.01,0.00,0.01
170,Duk,cv CPV,"MF,FW",Leganés,La Liga,25-002,2000,2,0,37,0.4,0,0,0,0,0,0,1,0,0.0,0.0,0.1,0.1,3,1,9,0.00,0.00,0.00,0.00,0.00,0.05,0.21,0.25,0.05,0.25
171,Pablo Durán,es ESP,"FW,MF",Celta Vigo,La Liga,23-269,2001,14,9,799,8.9,4,2,6,4,0,0,3,0,2.8,2.8,2.0,4.8,17,16,81,0.45,0.23,0.68,0.45,0.68,0.32,0.22,0.54,0.32,0.54
172,Hugo Duro,es ESP,FW,Valencia,La Liga,25-100,1999,21,20,"1,651",18.3,7,2,9,7,0,0,3,0,6.1,6.1,1.2,7.3,11,20,52,0.38,0.11,0.49,0.38,0.49,0.33,0.06,0.40,0.33,0.40
173,Chidera Ejuke,ng NGA,FW,Sevilla,La Liga,27-047,1998,14,6,640,7.1,1,1,2,1,0,0,0,0,0.8,0.8,1.5,2.3,57,28,71,0.14,0.14,0.28,0.14,0.28,0.11,0.21,0.32,0.11,0.32
174,Aritz Elustondo,es ESP,DF,Real Sociedad,La Liga,30-327,1994,11,6,613,6.8,0,0,0,0,0,0,0,0,0.4,0.4,0.1,0.5,9,23,3,0.00,0.00,0.00,0.00,0.00,0.06,0.02,0.08,0.06,0.08
175,Adri Embarba,es ESP,"FW,MF",Rayo Vallecano,La Liga,32-287,1992,22,13,"1,106",12.3,1,1,2,1,0,0,4,0,1.3,1.3,1.7,3.0,31,34,72,0.08,0.08,0.16,0.08,0.16,0.11,0.14,0.25,0.11,0.25
176,Endrick,br BRA,FW,Real Madrid,La Liga,18-212,2006,14,0,99,1.1,1,0,1,1,0,0,1,0,0.8,0.8,0.1,0.8,5,5,14,0.91,0.00,0.91,0.91,0.91,0.68,0.06,0.74,0.68,0.74
177,Alfonso Espino,uy URU,DF,Rayo Vallecano,La Liga,33-044,1992,6,5,397,4.4,0,0,0,0,0,0,2,0,0.2,0.2,0.0,0.2,5,15,12,0.00,0.00,0.00,0.00,0.00,0.05,0.00,0.06,0.05,0.06
178,Dario Essugo,pt POR,MF,Las Palmas,La Liga,19-341,2005,14,14,"1,101",12.2,1,0,1,1,0,0,7,1,0.3,0.3,0.2,0.6,12,53,6,0.08,0.00,0.08,0.08,0.08,0.03,0.02,0.05,0.03,0.05
179,Edu Expósito,es ESP,"MF,FW",Espanyol,La Liga,28-201,1996,6,1,154,1.7,0,0,0,0,0,0,1,0,0.1,0.1,0.3,0.4,4,12,7,0.00,0.00,0.00,0.00,0.00,0.06,0.19,0.25,0.06,0.25
180,Abde Ezzalzouli,ma MAR,"FW,MF",Betis,La Liga,23-063,2001,23,18,"1,523",16.9,1,1,2,1,0,1,2,0,7.0,6.2,1.7,7.8,97,55,164,0.06,0.06,0.12,0.06,0.12,0.41,0.10,0.51,0.37,0.46
181,Ansu Fati,es ESP,FW,Barcelona,La Liga,22-110,2002,4,1,127,1.4,0,0,0,0,0,0,1,0,0.6,0.6,0.1,0.7,4,3,16,0.00,0.00,0.00,0.00,0.00,0.42,0.04,0.46,0.42,0.46
182,Peter Federico,do DOM,"MF,FW",Getafe,La Liga,22-208,2002,12,1,334,3.7,0,0,0,0,0,0,0,0,0.3,0.3,0.1,0.4,3,5,24,0.00,0.00,0.00,0.00,0.00,0.09,0.02,0.11,0.09,0.11
184,Kiko Femenía,es ESP,DF,Villarreal,La Liga,34-016,1991,21,21,"1,725",19.2,0,1,1,0,0,0,6,0,0.4,0.4,1.1,1.4,45,88,37,0.00,0.05,0.05,0.00,0.05,0.02,0.06,0.07,0.02,0.07
185,Álvaro Fernández,es ESP,GK,Sevilla,La Liga,26-311,1998,8,7,657,7.3,0,0,0,0,0,0,2,0,0.0,0.0,0.1,0.1,0,0,0,0.00,0.00,0.00,0.00,0.00,0.00,0.02,0.02,0.00,0.02
186,Roberto Férnandez,es ESP,FW,Espanyol,La Liga,22-230,2002,5,4,319,3.5,2,0,2,2,0,0,1,0,1.0,1.0,0.1,1.0,4,3,7,0.56,0.00,0.56,0.56,0.56,0.27,0.02,0.29,0.27,0.29
187,Valery Fernández,es ESP,"MF,FW",Mallorca,La Liga,25-087,1999,12,1,231,2.6,2,0,2,2,0,0,1,0,0.8,0.8,0.0,0.8,2,3,8,0.78,0.00,0.78,0.78,0.78,0.33,0.00,0.33,0.33,0.33
188,Mateo Flores,es ESP,MF,Betis,La Liga,20-317,2004,5,1,142,1.6,0,0,0,0,0,0,1,0,0.0,0.0,0.0,0.0,0,7,2,0.00,0.00,0.00,0.00,0.00,0.00,0.00,0.00,0.00,0.00
189,Pablo Fornals,es ESP,"MF,FW",Betis,La Liga,28-362,1996,15,12,"1,047",11.6,1,0,1,1,0,0,2,0,1.4,1.4,2.1,3.4,16,85,60,0.09,0.00,0.09,0.09,0.09,0.12,0.18,0.29,0.12,0.29
190,Héctor Fort,es ESP,DF,Barcelona,La Liga,18-200,2006,11,3,360,4.0,0,0,0,0,0,0,2,0,0.1,0.1,0.7,0.7,9,15,17,0.00,0.00,0.00,0.00,0.00,0.02,0.17,0.19,0.02,0.19
191,Dimitri Foulquier,fr FRA,DF,Valencia,La Liga,31-332,1993,22,15,"1,432",15.9,0,0,0,0,0,0,4,0,0.4,0.4,0.3,0.6,26,50,44,0.00,0.00,0.00,0.00,0.00,0.02,0.02,0.04,0.02,0.04
192,Juan Foyth,ar ARG,DF,Villarreal,La Liga,27-037,1998,7,5,452,5.0,0,0,0,0,0,0,2,0,0.7,0.7,0.1,0.8,3,13,0,0.00,0.00,0.00,0.00,0.00,0.14,0.02,0.17,0.14,0.17
193,Alejandro Francés,es ESP,DF,Girona,La Liga,22-201,2002,11,8,710,7.9,0,0,0,0,0,0,1,0,0.2,0.2,0.0,0.2,10,38,11,0.00,0.00,0.00,0.00,0.00,0.02,0.01,0.03,0.02,0.03
194,Enric Franquesa,es ESP,"DF,FW",Leganés,La Liga,27-358,1997,12,7,616,6.8,1,0,1,1,0,0,1,0,0.3,0.3,0.1,0.4,11,12,30,0.15,0.00,0.15,0.15,0.15,0.04,0.02,0.06,0.04,0.06
195,Jorge de Frutos,es ESP,"FW,MF",Rayo Vallecano,La Liga,27-364,1997,24,20,"1,718",19.1,4,3,7,4,0,0,2,0,4.5,4.5,3.1,7.6,59,40,145,0.21,0.16,0.37,0.21,0.37,0.23,0.16,0.40,0.23,0.40
196,Darío Fuentes,es ESP,DF,Sevilla,La Liga,22-037,2003,1,0,5,0.1,0,0,0,0,0,0,1,0,0.0,0.0,0.0,0.0,0,0,0,0.00,0.00,0.00,0.00,0.00,0.00,0.00,0.00,0.00,0.00
197,Manuel Fuster,es ESP,"FW,MF",Las Palmas,La Liga,27-119,1997,18,6,659,7.3,2,0,2,2,0,0,1,0,0.6,0.6,1.1,1.7,14,41,59,0.27,0.00,0.27,0.27,0.27,0.08,0.15,0.23,0.08,0.23
198,Javi Galán,es ESP,DF,Atlético Madrid,La Liga,30-091,1994,14,12,965,10.7,0,2,2,0,0,0,6,0,0.1,0.1,2.0,2.1,28,30,65,0.00,0.19,0.19,0.00,0.19,0.01,0.19,0.19,0.01,0.19
199,Iñigo Ruiz de Galarreta,es ESP,MF,Athletic Club,La Liga,31-196,1993,16,12,950,10.6,0,2,2,0,0,0,3,0,0.1,0.1,2.1,2.3,15,91,25,0.00,0.19,0.19,0.00,0.19,0.01,0.20,0.21,0.01,0.21
200,Conor Gallagher,eng ENG,MF,Atlético Madrid,La Liga,25-012,2000,18,13,990,11.0,2,0,2,2,0,0,2,0,1.8,1.8,0.2,2.0,13,32,34,0.18,0.00,0.18,0.18,0.18,0.16,0.02,0.18,0.16,0.18
201,Álvaro García,es ESP,"FW,MF",Rayo Vallecano,La Liga,32-114,1992,22,15,"1,406",15.6,3,2,5,3,0,0,4,0,3.8,3.8,3.3,7.0,44,48,135,0.19,0.13,0.32,0.19,0.32,0.24,0.21,0.45,0.24,0.45
202,Eric García,es ESP,"MF,DF",Barcelona,La Liga,24-040,2001,15,5,701,7.8,1,1,2,1,0,0,1,0,1.5,1.5,0.4,1.9,9,48,5,0.13,0.13,0.26,0.13,0.26,0.20,0.05,0.24,0.20,0.24
203,Fran Garcia,es ESP,DF,Real Madrid,La Liga,25-188,1999,19,13,"1,217",13.5,0,1,1,0,0,0,0,0,0.6,0.6,0.6,1.3,34,66,95,0.00,0.07,0.07,0.00,0.07,0.05,0.05,0.09,0.05,0.09
204,Joan García,es ESP,GK,Espanyol,La Liga,23-290,2001,24,24,"2,160",24.0,0,0,0,0,0,0,2,0,0.1,0.1,0.0,0.1,0,1,0,0.00,0.00,0.00,0.00,0.00,0.00,0.00,0.00,0.00,0.00
205,Pablo Garcia,es ESP,FW,Betis,La Liga,18-187,2006,2,0,26,0.3,0,0,0,0,0,0,0,0,0.0,0.0,0.0,0.0,1,0,5,0.00,0.00,0.00,0.00,0.00,0.00,0.00,0.00,0.00,0.00
206,Rubén García,es ESP,"FW,MF",Osasuna,La Liga,31-219,1993,23,19,"1,522",16.9,2,4,6,2,0,0,2,0,1.4,1.4,1.6,3.1,21,71,100,0.12,0.24,0.35,0.12,0.35,0.09,0.10,0.18,0.09,0.18
207,Yarek Gasiorowski,es ESP,DF,Valencia,La Liga,20-037,2005,14,9,940,10.4,0,0,0,0,0,0,1,0,1.1,1.1,0.1,1.2,9,37,0,0.00,0.00,0.00,0.00,0.00,0.11,0.01,0.12,0.11,0.12
208,Gavi,es ESP,MF,Barcelona,La Liga,20-197,2004,14,7,444,4.9,0,1,1,0,0,0,4,0,0.2,0.2,1.0,1.2,2,22,17,0.00,0.20,0.20,0.00,0.20,0.05,0.19,0.24,0.05,0.24
209,Paulo Gazzaniga,ar ARG,GK,Girona,La Liga,33-047,1992,24,24,"2,115",23.5,0,0,0,0,0,0,3,0,0.0,0.0,0.0,0.0,0,0,0,0.00,0.00,0.00,0.00,0.00,0.00,0.00,0.00,0.00,0.00
210,Bryan Gil,es ESP,"FW,MF",Girona,La Liga,24-007,2001,22,19,"1,538",17.1,3,3,6,3,0,0,3,0,2.2,2.2,2.8,5.1,66,65,189,0.18,0.18,0.35,0.18,0.35,0.13,0.17,0.30,0.13,0.30
212,Moi Gómez,es ESP,"MF,FW",Osasuna,La Liga,30-240,1994,18,4,567,6.3,0,0,0,0,0,0,1,0,0.3,0.3,0.6,0.9,9,39,12,0.00,0.00,0.00,0.00,0.00,0.05,0.09,0.14,0.05,0.14
213,Sergi Gómez,es ESP,DF,Espanyol,La Liga,32-327,1992,11,6,652,7.2,0,0,0,0,0,0,1,0,0.3,0.3,0.0,0.3,0,8,1,0.00,0.00,0.00,0.00,0.00,0.04,0.00,0.04,0.04,0.04
214,Sergio Gómez,es ESP,"MF,DF",Real Sociedad,La Liga,24-167,2000,23,20,"1,741",19.3,0,4,4,0,0,0,2,0,0.6,0.6,6.3,7.0,33,74,103,0.00,0.21,0.21,0.00,0.21,0.03,0.33,0.36,0.03,0.36
215,Unai Gómez,es ESP,"MF,FW",Athletic Club,La Liga,21-269,2003,20,6,677,7.5,1,2,3,1,0,0,1,0,1.0,1.0,0.7,1.7,10,16,28,0.13,0.27,0.40,0.13,0.40,0.13,0.09,0.22,0.13,0.22
216,Fabio González,es ESP,MF,Las Palmas,La Liga,28-006,1997,2,0,53,0.6,0,0,0,0,0,0,0,0,0.1,0.1,0.0,0.1,0,6,0,0.00,0.00,0.00,0.00,0.00,0.12,0.00,0.12,0.12,0.12
217,Urko González,es ESP,MF,Espanyol,La Liga,23-335,2001,3,2,155,1.7,0,0,0,0,0,0,1,0,0.0,0.0,0.0,0.0,1,3,0,0.00,0.00,0.00,0.00,0.00,0.00,0.00,0.00,0.00,0.00
218,Urko González,es ESP,MF,Real Sociedad,La Liga,23-335,2001,1,1,45,0.5,0,0,0,0,0,0,1,0,0.0,0.0,0.0,0.0,0,1,0,0.00,0.00,0.00,0.00,0.00,0.00,0.00,0.00,0.00,0.00
219,Andoni Gorosabel,es ESP,DF,Athletic Club,La Liga,28-198,1996,11,9,751,8.3,0,1,1,0,0,0,1,0,0.3,0.3,1.0,1.4,10,27,28,0.00,0.12,0.12,0.00,0.12,0.04,0.12,0.16,0.04,0.16
220,José Gragera,es ESP,MF,Espanyol,La Liga,24-080,2000,10,7,569,6.3,0,0,0,0,0,0,0,0,0.0,0.0,0.0,0.1,1,14,3,0.00,0.00,0.00,0.00,0.00,0.01,0.00,0.01,0.01,0.01
221,Dominik Greif,sk SVK,GK,Mallorca,La Liga,27-318,1997,19,19,"1,710",19.0,0,0,0,0,0,0,1,0,0.0,0.0,0.0,0.0,0,0,0,0.00,0.00,0.00,0.00,0.00,0.00,0.00,0.00,0.00,0.00
222,Antoine Griezmann,fr FRA,"FW,MF",Atlético Madrid,La Liga,33-334,1991,24,20,"1,737",19.3,8,4,12,7,1,2,2,0,6.0,4.4,4.7,9.1,33,99,113,0.41,0.21,0.62,0.36,0.57,0.31,0.24,0.55,0.23,0.47
223,Florian Grillitsch,at AUT,MF,Valladolid,La Liga,29-195,1995,2,1,70,0.8,0,0,0,0,0,0,0,0,0.0,0.0,0.1,0.1,0,1,1,0.00,0.00,0.00,0.00,0.00,0.03,0.07,0.10,0.03,0.10
224,Vicente Guaita,es ESP,GK,Celta Vigo,La Liga,38-039,1987,20,20,"1,800",20.0,0,0,0,0,0,0,0,0,0.0,0.0,0.0,0.0,0,0,0,0.00,0.00,0.00,0.00,0.00,0.00,0.00,0.00,0.00,0.00
225,Sergi Guardiola,es ESP,FW,Rayo Vallecano,La Liga,33-265,1991,8,0,170,1.9,0,0,0,0,0,0,0,0,0.9,0.9,0.1,1.0,0,2,13,0.00,0.00,0.00,0.00,0.00,0.48,0.04,0.51,0.48,0.51
226,Nemanja Gudelj,rs SRB,"DF,MF",Sevilla,La Liga,33-094,1991,22,21,"1,868",20.8,0,1,1,0,0,0,4,0,0.4,0.4,0.6,1.0,10,46,5,0.00,0.05,0.05,0.00,0.05,0.02,0.03,0.05,0.02,0.05
227,Javier Guerra,es ESP,MF,Valencia,La Liga,22-048,2003,23,18,"1,525",16.9,1,2,3,1,0,0,1,0,1.1,1.1,2.0,3.1,24,76,43,0.06,0.12,0.18,0.06,0.18,0.06,0.12,0.18,0.06,0.18
228,Ander Guevara,es ESP,MF,Alavés,La Liga,27-226,1997,22,15,"1,406",15.6,0,1,1,0,0,0,1,0,0.4,0.4,0.5,0.9,11,80,13,0.00,0.06,0.06,0.00,0.06,0.03,0.03,0.06,0.03,0.06
229,Pape Gueye,sn SEN,"MF,FW",Villarreal,La Liga,26-025,1999,22,18,"1,546",17.2,2,0,2,2,0,0,5,1,2.3,2.3,0.8,3.0,27,106,52,0.12,0.00,0.12,0.12,0.12,0.13,0.04,0.18,0.13,0.18
230,Hugo Guillamón,es ESP,MF,Valencia,La Liga,25-018,2000,11,4,363,4.0,0,0,0,0,0,0,2,0,0.1,0.1,0.0,0.1,0,15,5,0.00,0.00,0.00,0.00,0.00,0.02,0.01,0.03,0.02,0.03
231,Carlos Guirao,es ESP,MF,Betis,La Liga,21-297,2003,2,2,110,1.2,0,0,0,0,0,0,0,0,0.0,0.0,0.0,0.0,1,2,2,0.00,0.00,0.00,0.00,0.00,0.00,0.00,0.00,0.00,0.00
232,Arda Güler,tr TUR,"MF,FW",Real Madrid,La Liga,19-359,2005,16,6,608,6.8,1,3,4,1,0,0,1,0,1.8,1.8,1.7,3.5,17,38,47,0.15,0.44,0.59,0.15,0.59,0.26,0.25,0.52,0.26,0.52
233,Gerard Gumbau,es ESP,MF,Rayo Vallecano,La Liga,30-062,1994,12,4,503,5.6,0,1,1,0,0,0,2,0,0.5,0.5,1.0,1.5,1,18,16,0.00,0.18,0.18,0.00,0.18,0.10,0.17,0.27,0.10,0.27
234,Jon Guridi,es ESP,"MF,FW",Alavés,La Liga,29-356,1995,22,18,"1,434",15.9,2,0,2,1,1,1,4,0,1.7,1.0,0.6,1.5,20,60,56,0.13,0.00,0.13,0.06,0.06,0.11,0.04,0.15,0.06,0.10
235,Gorka Guruzeta,es ESP,FW,Athletic Club,La Liga,28-159,1996,23,13,"1,188",13.2,5,2,7,5,0,0,2,0,3.7,3.7,0.7,4.4,4,15,42,0.38,0.15,0.53,0.38,0.53,0.28,0.05,0.33,0.28,0.33
236,Miguel Gutiérrez,es ESP,"DF,MF",Girona,La Liga,23-206,2001,21,21,"1,778",19.8,1,4,5,1,0,0,2,0,1.4,1.4,3.5,4.9,45,84,151,0.05,0.20,0.25,0.05,0.25,0.07,0.18,0.25,0.07,0.25
237,Munir El Haddadi,ma MAR,"FW,MF",Leganés,La Liga,29-170,1995,15,6,512,5.7,2,0,2,2,0,0,1,1,0.6,0.6,0.6,1.2,5,14,24,0.35,0.00,0.35,0.35,0.35,0.10,0.10,0.20,0.10,0.20
238,Sébastien Haller,ci CIV,FW,Leganés,La Liga,30-241,1994,8,5,404,4.5,0,0,0,0,0,0,0,0,0.4,0.4,0.2,0.6,3,4,14,0.00,0.00,0.00,0.00,0.00,0.09,0.05,0.13,0.09,0.13
239,Javi Hernández,es ESP,DF,Leganés,La Liga,26-292,1998,18,15,"1,300",14.4,0,1,1,0,0,0,2,0,0.3,0.3,0.9,1.2,20,32,47,0.00,0.07,0.07,0.00,0.07,0.02,0.07,0.08,0.02,0.08
240,Aridane Hernández,es ESP,DF,Rayo Vallecano,La Liga,35-332,1989,4,2,204,2.3,0,0,0,0,0,0,0,0,0.4,0.4,0.0,0.4,1,16,0,0.00,0.00,0.00,0.00,0.00,0.17,0.00,0.17,0.17,0.17
241,Jorge Herrando,es ESP,DF,Osasuna,La Liga,23-356,2001,10,7,646,7.2,0,0,0,0,0,0,3,0,0.3,0.3,0.0,0.3,3,18,1,0.00,0.00,0.00,0.00,0.00,0.05,0.00,0.05,0.05,0.05
242,Ander Herrera,es ESP,MF,Athletic Club,La Liga,35-188,1989,8,2,273,3.0,0,0,0,0,0,1,2,0,1.7,0.9,0.1,1.1,2,16,5,0.00,0.00,0.00,0.00,0.00,0.57,0.04,0.61,0.31,0.35
243,Sergio Herrera,es ESP,GK,Osasuna,La Liga,31-258,1993,24,24,"2,160",24.0,0,0,0,0,0,0,4,0,0.0,0.0,0.0,0.0,0,2,0,0.00,0.00,0.00,0.00,0.00,0.00,0.00,0.00,0.00,0.00
244,Yangel Herrera,ve VEN,MF,Girona,La Liga,27-035,1998,17,15,"1,240",13.8,3,2,5,3,0,0,7,1,2.1,2.1,1.0,3.2,14,73,48,0.22,0.15,0.36,0.22,0.36,0.16,0.08,0.23,0.16,0.23
245,Juan Herzog,es ESP,DF,Las Palmas,La Liga,21-281,2003,10,7,567,6.3,0,0,0,0,0,0,0,0,0.3,0.3,0.0,0.3,0,13,1,0.00,0.00,0.00,0.00,0.00,0.05,0.00,0.05,0.05,0.05
246,Omar El Hilali,ma MAR,DF,Espanyol,La Liga,21-159,2003,23,23,"2,018",22.4,0,2,2,0,0,0,8,0,0.0,0.0,0.6,0.6,23,62,30,0.00,0.09,0.09,0.00,0.09,0.00,0.03,0.03,0.00,0.03
247,Dinko Horkaš,hr CRO,GK,Las Palmas,La Liga,25-345,1999,3,2,211,2.3,0,0,0,0,0,0,1,0,0.0,0.0,0.0,0.0,0,0,0,0.00,0.00,0.00,0.00,0.00,0.00,0.00,0.00,0.00,0.00
248,Pablo Ibáñez,es ESP,MF,Osasuna,La Liga,26-151,1998,17,6,693,7.7,0,1,1,0,0,0,2,0,1.3,1.3,1.5,2.8,11,32,15,0.00,0.13,0.13,0.00,0.13,0.17,0.19,0.36,0.17,0.36
249,Stanis Idumbo,be BEL,"FW,MF",Sevilla,La Liga,19-234,2005,8,3,232,2.6,1,0,1,1,0,0,0,0,0.6,0.6,0.6,1.3,8,3,16,0.39,0.00,0.39,0.39,0.39,0.23,0.25,0.49,0.23,0.49
250,Iglesias,es ESP,DF,Getafe,La Liga,26-230,1998,24,20,"1,877",20.9,0,1,1,0,0,0,3,0,0.5,0.5,1.5,1.9,23,55,45,0.00,0.05,0.05,0.00,0.05,0.02,0.07,0.09,0.02,0.09
251,Borja Iglesias,es ESP,FW,Celta Vigo,La Liga,32-032,1993,24,15,"1,251",13.9,5,0,5,5,0,0,2,0,4.7,4.7,1.1,5.8,9,17,59,0.36,0.00,0.36,0.36,0.36,0.34,0.08,0.42,0.34,0.42
252,Kelechi Iheanacho,ng NGA,FW,Sevilla,La Liga,28-138,1996,9,5,400,4.4,0,0,0,0,0,0,0,0,1.5,1.5,0.3,1.8,6,5,17,0.00,0.00,0.00,0.00,0.00,0.33,0.07,0.41,0.33,0.41
253,Isco,es ESP,MF,Betis,La Liga,32-303,1992,9,7,628,7.0,2,1,3,1,1,1,3,0,2.1,1.3,1.2,2.5,12,61,49,0.29,0.14,0.43,0.14,0.29,0.30,0.17,0.47,0.18,0.36
254,Ivan Jaime Pajuelo,es ESP,MF,Valencia,La Liga,24-145,2000,2,0,56,0.6,0,0,0,0,0,0,0,0,0.0,0.0,0.2,0.2,3,5,1,0.00,0.00,0.00,0.00,0.00,0.03,0.34,0.38,0.03,0.38
255,Karl Jakob Hein,ee EST,GK,Valladolid,La Liga,22-311,2002,24,24,"2,160",24.0,0,0,0,0,0,0,0,0,0.0,0.0,0.0,0.0,0,0,0,0.00,0.00,0.00,0.00,0.00,0.00,0.00,0.00,0.00,0.00
256,Adnan Januzaj,be BEL,"MF,FW",Las Palmas,La Liga,30-013,1995,8,3,315,3.5,2,1,3,2,0,0,3,0,0.5,0.5,0.7,1.2,13,20,30,0.57,0.29,0.86,0.57,0.86,0.15,0.20,0.34,0.15,0.34
257,Mikel Jauregizar,es ESP,MF,Athletic Club,La Liga,21-098,2003,21,15,"1,310",14.6,1,0,1,1,0,0,4,1,0.5,0.5,1.1,1.6,9,72,21,0.07,0.00,0.07,0.07,0.07,0.03,0.08,0.11,0.03,0.11
258,John Joe,ie IRL,"MF,FW",Getafe,La Liga,21-117,2003,4,0,48,0.5,0,0,0,0,0,0,1,0,0.1,0.1,0.0,0.1,1,0,6,0.00,0.00,0.00,0.00,0.00,0.26,0.00,0.26,0.26,0.26
259,Jofre,es ESP,"MF,FW",Espanyol,La Liga,23-246,2001,23,18,"1,488",16.5,2,3,5,2,0,0,5,0,2.3,2.3,1.7,4.0,41,37,93,0.12,0.18,0.30,0.12,0.30,0.14,0.10,0.24,0.14,0.24
260,Frenkie de Jong,nl NED,MF,Barcelona,La Liga,27-282,1997,13,4,559,6.2,2,1,3,2,0,0,1,0,0.6,0.6,1.3,1.9,11,43,9,0.32,0.16,0.48,0.32,0.48,0.10,0.21,0.31,0.10,0.31
261,Joan Jordán,es ESP,MF,Alavés,La Liga,30-227,1994,13,6,687,7.6,4,2,6,2,2,2,1,0,3.0,1.4,0.5,2.0,4,53,19,0.52,0.26,0.79,0.26,0.52,0.39,0.07,0.46,0.19,0.26
262,Juanmi,es ESP,"FW,MF",Getafe,La Liga,31-274,1993,3,3,231,2.6,0,0,0,0,0,0,1,0,0.6,0.6,0.0,0.6,1,0,6,0.00,0.00,0.00,0.00,0.00,0.23,0.01,0.24,0.23,0.24
263,Juanmi,es ESP,"FW,MF",Betis,La Liga,31-274,1993,11,2,244,2.7,0,0,0,0,0,0,2,0,0.7,0.7,0.4,1.0,4,4,18,0.00,0.00,0.00,0.00,0.00,0.25,0.14,0.39,0.25,0.39
264,Juanpe,es ESP,DF,Girona,La Liga,33-294,1991,8,7,597,6.6,0,0,0,0,0,0,2,0,0.0,0.0,0.1,0.1,2,25,0,0.00,0.00,0.00,0.00,0.00,0.01,0.01,0.01,0.01,0.01
265,Luiz Lúcio Reis Júnior,br BRA,GK,Villarreal,La Liga,24-035,2001,7,6,558,6.2,0,0,0,0,0,0,0,0,0.0,0.0,0.0,0.0,0,0,0,0.00,0.00,0.00,0.00,0.00,0.00,0.00,0.00,0.00,0.00
266,Vinicius Júnior,br BRA,FW,Real Madrid,La Liga,24-221,2000,18,16,"1,445",16.1,8,5,13,6,2,2,5,1,7.0,5.6,5.2,10.8,106,52,172,0.50,0.31,0.81,0.37,0.69,0.43,0.32,0.76,0.35,0.67
267,Stanko Jurić,hr CRO,MF,Valladolid,La Liga,28-186,1996,20,13,"1,298",14.4,0,0,0,0,0,0,5,0,0.7,0.7,0.3,1.0,3,44,6,0.00,0.00,0.00,0.00,0.00,0.05,0.02,0.07,0.05,0.07
268,Willy Kambwala,fr FRA,DF,Villarreal,La Liga,20-177,2004,7,6,492,5.5,0,0,0,0,0,0,0,1,0.2,0.2,0.0,0.2,1,8,0,0.00,0.00,0.00,0.00,0.00,0.03,0.00,0.03,0.03,0.03
269,Abdoulaye Keita,es ESP,"FW,MF",Getafe,La Liga,22-170,2002,3,1,95,1.1,0,0,0,0,0,0,0,0,0.0,0.0,0.0,0.0,1,2,4,0.00,0.00,0.00,0.00,0.00,0.05,0.00,0.05,0.05,0.05
270,Kenedy,br BRA,"MF,FW",Valladolid,La Liga,29-010,1996,2,0,9,0.1,0,0,0,0,0,0,0,0,0.0,0.0,0.0,0.0,1,0,2,0.00,0.00,0.00,0.00,0.00,0.29,0.00,0.29,0.29,0.29
271,Kiké,es ESP,FW,Alavés,La Liga,35-085,1989,23,17,"1,527",17.0,10,0,10,8,2,2,5,1,5.3,3.8,0.8,4.5,12,35,80,0.59,0.00,0.59,0.47,0.47,0.31,0.05,0.36,0.22,0.27
272,Koke,es ESP,MF,Atlético Madrid,La Liga,33-041,1992,23,14,"1,428",15.9,1,1,2,1,0,0,4,0,1.0,1.0,1.1,2.1,14,89,11,0.06,0.06,0.13,0.06,0.13,0.07,0.07,0.13,0.07,0.13
273,Jules Koundé,fr FRA,DF,Barcelona,La Liga,26-098,1998,24,21,"1,890",21.0,2,3,5,2,0,0,2,0,1.7,1.7,3.5,5.2,33,111,150,0.10,0.14,0.24,0.10,0.24,0.08,0.17,0.25,0.08,0.25
274,Alex Král,cz CZE,MF,Espanyol,La Liga,26-275,1998,24,23,"2,103",23.4,0,1,1,0,0,0,1,0,0.8,0.8,1.5,2.3,40,66,58,0.00,0.04,0.04,0.00,0.04,0.03,0.07,0.10,0.03,0.10
275,Ladislav Krejčí,cz CZE,DF,Girona,La Liga,25-304,1999,15,14,"1,270",14.1,2,0,2,2,0,0,6,0,1.3,1.3,0.1,1.4,21,78,5,0.14,0.00,0.14,0.14,0.14,0.09,0.01,0.10,0.09,0.10
276,Takefusa Kubo,jp JPN,"MF,FW",Real Sociedad,La Liga,23-259,2001,23,16,"1,481",16.5,4,0,4,4,0,0,4,0,2.8,2.8,2.7,5.5,94,70,147,0.24,0.00,0.24,0.24,0.24,0.17,0.17,0.33,0.17,0.33
277,Marash Kumbulla,al ALB,DF,Espanyol,La Liga,25-010,2000,22,21,"1,822",20.2,2,0,2,2,0,0,6,0,1.1,1.1,0.0,1.1,9,47,2,0.10,0.00,0.10,0.10,0.10,0.05,0.00,0.06,0.05,0.06
278,Luca de la Torre,us USA,MF,Celta Vigo,La Liga,26-271,1998,1,0,4,0.0,0,0,0,0,0,0,0,0,0.0,0.0,0.0,0.0,0,0,0,0.00,0.00,0.00,0.00,0.00,0.00,0.00,0.00,0.00,0.00
279,Yoel Lago,es ESP,DF,Celta Vigo,La Liga,20-330,2004,2,2,135,1.5,0,0,0,0,0,0,0,0,0.0,0.0,0.0,0.0,0,10,0,0.00,0.00,0.00,0.00,0.00,0.00,0.00,0.00,0.00,0.00
280,Cyle Larin,ca CAN,FW,Mallorca,La Liga,29-307,1995,20,16,"1,206",13.4,5,2,7,4,1,1,4,0,4.8,4.0,1.3,5.3,12,10,69,0.37,0.15,0.52,0.30,0.45,0.36,0.10,0.45,0.30,0.39
281,Juanmi Latasa,es ESP,FW,Valladolid,La Liga,23-332,2001,17,5,629,7.0,0,0,0,0,0,0,4,1,1.4,1.4,0.2,1.6,1,9,23,0.00,0.00,0.00,0.00,0.00,0.20,0.03,0.23,0.20,0.23
282,Toni Lato,es ESP,DF,Mallorca,La Liga,27-089,1997,6,3,268,3.0,0,0,0,0,0,0,0,1,0.0,0.0,0.3,0.3,8,12,19,0.00,0.00,0.00,0.00,0.00,0.00,0.09,0.09,0.00,0.09
283,Robin Le Normand,es ESP,DF,Atlético Madrid,La Liga,28-099,1996,14,12,"1,103",12.3,0,0,0,0,0,0,6,0,0.3,0.3,0.5,0.8,6,36,4,0.00,0.00,0.00,0.00,0.00,0.03,0.04,0.07,0.03,0.07
284,Florian Lejeune,fr FRA,DF,Rayo Vallecano,La Liga,33-274,1991,24,24,"2,155",23.9,0,2,2,0,0,0,4,0,2.4,2.4,1.1,3.5,18,86,5,0.00,0.08,0.08,0.00,0.08,0.10,0.05,0.14,0.10,0.14
285,Iñigo Lekue,es ESP,DF,Athletic Club,La Liga,31-290,1993,8,5,452,5.0,0,0,0,0,0,0,1,0,0.0,0.0,0.2,0.2,8,24,12,0.00,0.00,0.00,0.00,0.00,0.00,0.03,0.03,0.00,0.03
286,Thomas Lemar,fr FRA,MF,Atlético Madrid,La Liga,29-098,1995,1,0,7,0.1,0,0,0,0,0,0,0,0,0.0,0.0,0.0,0.0,0,2,0,0.00,0.00,0.00,0.00,0.00,0.00,0.30,0.30,0.00,0.30
287,Clément Lenglet,fr FRA,DF,Atlético Madrid,La Liga,29-246,1995,13,13,"1,103",12.3,1,1,2,1,0,0,6,0,1.4,1.4,0.8,2.1,11,54,0,0.08,0.08,0.16,0.08,0.16,0.11,0.06,0.17,0.11,0.17
288,Robert Lewandowski,pl POL,FW,Barcelona,La Liga,36-181,1988,23,22,"1,826",20.3,20,2,22,17,3,4,1,0,20.4,17.3,2.3,19.6,20,39,106,0.99,0.10,1.08,0.84,0.94,1.01,0.11,1.12,0.85,0.96
289,Samuel Lino,br BRA,"MF,DF",Atlético Madrid,La Liga,25-057,1999,20,13,999,11.1,3,2,5,3,0,0,2,0,4.8,4.8,2.2,7.0,46,51,117,0.27,0.18,0.45,0.27,0.45,0.43,0.20,0.63,0.43,0.63
290,Javier Llabrés,es ESP,FW,Mallorca,La Liga,22-160,2002,1,1,57,0.6,0,0,0,0,0,0,0,0,0.0,0.0,0.1,0.1,3,3,8,0.00,0.00,0.00,0.00,0.00,0.08,0.14,0.21,0.08,0.21
291,Diego Llorente,es ESP,DF,Betis,La Liga,31-186,1993,23,23,"2,034",22.6,1,0,1,1,0,0,3,0,1.2,1.2,0.3,1.5,5,67,3,0.04,0.00,0.04,0.04,0.04,0.06,0.01,0.07,0.06,0.07
292,Marcos Llorente,es ESP,"DF,MF",Atlético Madrid,La Liga,30-019,1995,19,15,"1,310",14.6,2,2,4,2,0,0,0,1,0.6,0.6,2.8,3.4,47,58,97,0.14,0.14,0.27,0.14,0.27,0.04,0.19,0.23,0.04,0.23
293,Giovani Lo Celso,ar ARG,"MF,FW",Betis,La Liga,28-315,1996,16,11,"1,035",11.5,7,1,8,5,2,3,3,0,4.1,1.8,3.5,5.2,14,97,47,0.61,0.09,0.70,0.43,0.52,0.36,0.30,0.66,0.15,0.45
294,Enzo Loiodice,fr FRA,MF,Las Palmas,La Liga,24-083,2000,15,5,504,5.6,0,0,0,0,0,0,3,0,0.1,0.1,0.1,0.2,2,20,3,0.00,0.00,0.00,0.00,0.00,0.02,0.02,0.04,0.02,0.04
295,David López,es ESP,DF,Girona,La Liga,35-132,1989,21,20,"1,815",20.2,1,0,1,1,0,0,3,0,0.8,0.8,0.1,0.8,14,94,5,0.05,0.00,0.05,0.05,0.05,0.04,0.00,0.04,0.04,0.04
296,Diego López,es ESP,"MF,FW",Valencia,La Liga,22-281,2002,24,22,"1,763",19.6,3,4,7,3,0,0,2,0,3.2,3.2,3.7,6.9,56,52,139,0.15,0.20,0.36,0.15,0.36,0.16,0.19,0.35,0.16,0.35
297,Fer López,0,FW,Celta Vigo,La Liga,0,0,5,2,144,1.6,0,0,0,0,0,0,0,0,0.2,0.2,0.6,0.8,6,11,11,0.00,0.00,0.00,0.00,0.00,0.11,0.38,0.49,0.11,0.49
298,Fermin López,es ESP,"MF,FW",Barcelona,La Liga,21-283,2003,15,5,579,6.4,3,2,5,3,0,0,3,1,3.2,3.2,1.2,4.4,15,28,48,0.47,0.31,0.78,0.47,0.78,0.50,0.18,0.68,0.50,0.68
299,Javi López,es ESP,DF,Real Sociedad,La Liga,22-330,2002,18,12,"1,186",13.2,0,0,0,0,0,0,2,0,0.1,0.1,0.4,0.5,25,46,38,0.00,0.00,0.00,0.00,0.00,0.01,0.03,0.04,0.01,0.04
300,Pau López,es ESP,GK,Girona,La Liga,30-067,1994,1,0,45,0.5,0,0,0,0,0,0,0,0,0.0,0.0,0.0,0.0,0,0,0,0.00,0.00,0.00,0.00,0.00,0.00,0.00,0.00,0.00,0.00
301,Roberto López,es ESP,MF,Leganés,La Liga,24-300,2000,11,3,375,4.2,0,1,1,0,0,0,0,0,0.5,0.5,0.8,1.3,3,20,11,0.00,0.24,0.24,0.00,0.24,0.11,0.19,0.30,0.11,0.30
302,Unai López,es ESP,MF,Rayo Vallecano,La Liga,29-111,1995,20,16,"1,118",12.4,3,0,3,3,0,0,7,1,1.3,1.3,0.4,1.7,10,71,26,0.24,0.00,0.24,0.24,0.24,0.10,0.03,0.13,0.10,0.13
303,Iker Losada,es ESP,"FW,MF",Celta Vigo,La Liga,23-201,2001,3,1,125,1.4,0,0,0,0,0,0,1,0,0.1,0.1,0.2,0.3,6,9,13,0.00,0.00,0.00,0.00,0.00,0.07,0.13,0.20,0.07,0.20
304,Iker Losada,es ESP,"MF,FW",Betis,La Liga,23-201,2001,10,3,336,3.7,0,0,0,0,0,0,0,0,0.5,0.5,0.3,0.8,9,14,16,0.00,0.00,0.00,0.00,0.00,0.13,0.08,0.21,0.13,0.21
305,Pol Lozano,es ESP,MF,Espanyol,La Liga,25-135,1999,18,16,"1,274",14.2,0,0,0,0,0,0,7,0,0.1,0.1,0.4,0.5,10,72,8,0.00,0.00,0.00,0.00,0.00,0.01,0.03,0.04,0.01,0.04
306,José Luis Gayà,es ESP,DF,Valencia,La Liga,29-269,1995,11,10,810,9.0,0,1,1,0,0,0,2,0,0.5,0.5,1.1,1.6,16,26,64,0.00,0.11,0.11,0.00,0.11,0.05,0.13,0.18,0.05,0.18
307,Dodi Lukebakio,be BEL,FW,Sevilla,La Liga,27-147,1997,24,23,"1,982",22.0,10,1,11,9,1,1,2,0,7.4,6.6,2.1,8.7,95,59,162,0.45,0.05,0.50,0.41,0.45,0.34,0.09,0.43,0.30,0.39
308,Daniel Luna,co COL,MF,Mallorca,La Liga,21-287,2003,2,0,20,0.2,0,0,0,0,0,0,0,0,0.0,0.0,0.0,0.0,1,0,2,0.00,0.00,0.00,0.00,0.00,0.00,0.00,0.00,0.00,0.00
309,Andriy Lunin,ua UKR,GK,Real Madrid,La Liga,26-007,1999,3,3,270,3.0,0,1,1,0,0,0,0,0,0.0,0.0,0.9,0.9,0,0,0,0.00,0.33,0.33,0.00,0.33,0.00,0.31,0.31,0.00,0.31
310,Darwin Machís,ve VEN,"FW,MF",Valladolid,La Liga,32-011,1993,9,5,362,4.0,0,0,0,0,0,0,0,0,0.8,0.8,0.2,0.9,5,13,17,0.00,0.00,0.00,0.00,0.00,0.19,0.04,0.23,0.19,0.23
311,Pablo Maffeo,es ESP,DF,Mallorca,La Liga,27-221,1997,18,17,"1,409",15.7,0,1,1,0,0,0,3,0,0.3,0.3,3.1,3.3,23,44,70,0.00,0.06,0.06,0.00,0.06,0.02,0.20,0.21,0.02,0.21
312,Jon Magunazelaia,es ESP,MF,Real Sociedad,La Liga,24-220,2000,2,0,7,0.1,0,0,0,0,0,0,0,0,0.0,0.0,0.0,0.0,0,1,0,0.00,0.00,0.00,0.00,0.00,0.00,0.00,0.00,0.00,0.00
313,Giorgi Mamardashvili,ge GEO,GK,Valencia,La Liga,24-142,2000,20,20,"1,800",20.0,0,0,0,0,0,0,1,0,0.0,0.0,0.1,0.1,1,0,0,0.00,0.00,0.00,0.00,0.00,0.00,0.00,0.00,0.00,0.00
314,Reinildo Mandava,mz MOZ,DF,Atlético Madrid,La Liga,31-028,1994,17,9,841,9.3,0,0,0,0,0,0,3,0,0.1,0.1,0.1,0.2,12,28,12,0.00,0.00,0.00,0.00,0.00,0.01,0.01,0.02,0.01,0.02
315,Javier Manquillo,es ESP,DF,Celta Vigo,La Liga,30-289,1994,10,7,515,5.7,0,0,0,0,0,0,1,0,0.0,0.0,0.0,0.0,3,24,5,0.00,0.00,0.00,0.00,0.00,0.00,0.00,0.00,0.00,0.00
316,Marcão,br BRA,DF,Sevilla,La Liga,28-258,1996,11,5,462,5.1,0,0,0,0,0,0,6,1,0.0,0.0,0.0,0.0,0,17,0,0.00,0.00,0.00,0.00,0.00,0.00,0.00,0.00,0.00,0.00
317,Óscar de Marcos,es ESP,DF,Athletic Club,La Liga,35-310,1989,19,12,"1,146",12.7,0,4,4,0,0,0,0,0,0.8,0.8,1.8,2.6,19,69,54,0.00,0.31,0.31,0.00,0.31,0.06,0.14,0.20,0.06,0.20
318,Alberto Marí,es ESP,FW,Valencia,La Liga,23-222,2001,1,0,7,0.1,0,0,0,0,0,0,0,0,0.0,0.0,0.0,0.0,0,1,2,0.00,0.00,0.00,0.00,0.00,0.00,0.00,0.00,0.00,0.00
319,José María Giménez,uy URU,DF,Atlético Madrid,La Liga,30-029,1995,18,15,"1,429",15.9,0,1,1,0,0,0,4,0,0.3,0.3,0.2,0.5,1,39,1,0.00,0.06,0.06,0.00,0.06,0.02,0.01,0.03,0.02,0.03
320,Pablo Marín,es ESP,MF,Real Sociedad,La Liga,21-230,2003,9,1,197,2.2,0,0,0,0,0,0,0,0,0.0,0.0,0.3,0.3,1,7,18,0.00,0.00,0.00,0.00,0.00,0.01,0.12,0.13,0.01,0.13
321,Mika Marmol,es ESP,DF,Las Palmas,La Liga,22-231,2002,18,16,"1,409",15.7,0,1,1,0,0,0,4,0,0.2,0.2,1.3,1.5,15,64,26,0.00,0.06,0.06,0.00,0.06,0.01,0.08,0.09,0.01,0.09
322,Mario Maroto,es ESP,MF,Valladolid,La Liga,21-082,2003,1,0,19,0.2,0,1,1,0,0,0,0,0,0.0,0.0,0.1,0.1,0,1,0,0.00,4.74,4.74,0.00,4.74,0.00,0.32,0.32,0.00,0.32
323,Carlos Martín,es ESP,"FW,MF",Alavés,La Liga,22-302,2002,16,10,837,9.3,2,1,3,2,0,0,2,0,1.9,1.9,1.7,3.6,8,14,40,0.22,0.11,0.32,0.22,0.32,0.20,0.18,0.38,0.20,0.38
324,Gerard Martín,es ESP,DF,Barcelona,La Liga,23-048,2002,14,4,431,4.8,0,1,1,0,0,0,2,0,0.0,0.0,0.5,0.5,6,18,33,0.00,0.21,0.21,0.00,0.21,0.00,0.11,0.11,0.00,0.11
325,Iván Martín,es ESP,MF,Girona,La Liga,26-004,1999,20,17,"1,436",16.0,1,1,2,1,0,0,1,0,0.9,0.9,1.8,2.7,38,94,43,0.06,0.06,0.13,0.06,0.13,0.06,0.11,0.17,0.06,0.17
326,Jon Martin,es ESP,DF,Real Sociedad,La Liga,19-048,2006,4,0,167,1.9,0,0,0,0,0,0,1,0,0.4,0.4,0.0,0.4,0,5,0,0.00,0.00,0.00,0.00,0.00,0.19,0.00,0.19,0.19,0.19
327,Mario Martín,es ESP,MF,Valladolid,La Liga,20-350,2004,20,14,"1,264",14.0,0,1,1,0,0,0,5,2,0.5,0.5,1.1,1.6,11,44,12,0.00,0.07,0.07,0.00,0.07,0.03,0.08,0.12,0.03,0.12
328,Arnau Martinez,es ESP,"DF,MF",Girona,La Liga,21-299,2003,20,18,"1,608",17.9,2,2,4,2,0,0,2,0,1.0,1.0,1.8,2.8,28,121,71,0.11,0.11,0.22,0.11,0.22,0.06,0.10,0.16,0.06,0.16
329,Iñigo Martínez,es ESP,DF,Barcelona,La Liga,33-277,1991,20,20,"1,780",19.8,0,2,2,0,0,0,3,0,0.3,0.3,2.2,2.5,51,173,6,0.00,0.10,0.10,0.00,0.10,0.02,0.11,0.13,0.02,0.13
330,Javi Martínez,es ESP,MF,Osasuna,La Liga,25-058,1999,1,0,6,0.1,0,0,0,0,0,0,0,0,0.0,0.0,0.0,0.0,0,1,0,0.00,0.00,0.00,0.00,0.00,0.00,0.00,0.00,0.00,0.00
331,Ramón Martínez,es ESP,DF,Sevilla,La Liga,22-119,2002,1,0,6,0.1,0,0,0,0,0,0,0,0,0.0,0.0,0.0,0.0,0,0,0,0.00,0.00,0.00,0.00,0.00,0.00,0.00,0.00,0.00,0.00
332,Toni Martínez,es ESP,FW,Alavés,La Liga,27-233,1997,19,6,696,7.7,3,0,3,3,0,0,0,0,1.8,1.8,0.5,2.4,8,8,33,0.39,0.00,0.39,0.39,0.39,0.24,0.07,0.30,0.24,0.30
333,Javi Martón,es ESP,"FW,MF",Athletic Club,La Liga,25-288,1999,3,0,53,0.6,0,0,0,0,0,0,1,0,0.0,0.0,0.0,0.0,0,0,3,0.00,0.00,0.00,0.00,0.00,0.00,0.00,0.00,0.00,0.00
334,Marvin,es ESP,"DF,FW",Las Palmas,La Liga,24-230,2000,11,6,549,6.1,0,0,0,0,0,0,3,0,0.1,0.1,0.7,0.8,18,17,35,0.00,0.00,0.00,0.00,0.00,0.02,0.11,0.13,0.02,0.13
335,Omar Mascarell,gq EQG,MF,Mallorca,La Liga,32-016,1993,20,13,"1,251",13.9,0,0,0,0,0,0,4,1,0.2,0.2,0.1,0.2,7,45,6,0.00,0.00,0.00,0.00,0.00,0.01,0.00,0.02,0.01,0.02
336,Jaime Mata,es ESP,FW,Las Palmas,La Liga,36-117,1988,20,3,433,4.8,0,0,0,0,0,0,5,0,1.9,1.9,0.1,2.1,6,6,26,0.00,0.00,0.00,0.00,0.00,0.40,0.03,0.43,0.40,0.43
337,Borja Mayoral,es ESP,FW,Getafe,La Liga,27-319,1997,10,0,306,3.4,3,0,3,2,1,1,0,0,1.8,1.0,0.3,1.4,2,7,14,0.88,0.00,0.88,0.59,0.59,0.53,0.10,0.63,0.30,0.40
338,Kylian Mbappé,fr FRA,FW,Real Madrid,La Liga,26-060,1998,22,22,"1,908",21.2,17,2,19,12,5,6,3,0,15.8,11.1,4.3,15.4,100,92,267,0.80,0.09,0.90,0.57,0.66,0.75,0.20,0.95,0.52,0.73
339,Oliver McBurnie,sct SCO,FW,Las Palmas,La Liga,28-259,1996,20,9,944,10.5,0,4,4,0,0,0,0,0,1.7,1.7,2.2,3.8,4,18,53,0.00,0.38,0.38,0.00,0.38,0.16,0.21,0.36,0.16,0.36
340,Scott McKenna,sct SCO,DF,Las Palmas,La Liga,28-098,1996,20,19,"1,718",19.1,0,0,0,0,0,0,5,0,0.8,0.8,0.2,1.0,5,24,1,0.00,0.00,0.00,0.00,0.00,0.04,0.01,0.05,0.04,0.05
341,Mateo Mejía,es ESP,FW,Sevilla,La Liga,21-324,2003,1,0,11,0.1,0,0,0,0,0,0,0,0,0.0,0.0,0.0,0.0,0,0,0,0.00,0.00,0.00,0.00,0.00,0.00,0.00,0.00,0.00,0.00
342,Arthur Melo,br BRA,MF,Girona,La Liga,28-190,1996,1,0,22,0.2,0,0,0,0,0,0,0,0,0.0,0.0,0.0,0.0,2,3,0,0.00,0.00,0.00,0.00,0.00,0.00,0.00,0.00,0.00,0.00
343,Brais Méndez,es ESP,MF,Real Sociedad,La Liga,28-042,1997,21,15,"1,259",14.0,3,1,4,3,0,0,4,0,2.8,2.8,1.7,4.5,24,74,74,0.21,0.07,0.29,0.21,0.29,0.20,0.12,0.32,0.20,0.32
344,Ferland Mendy,fr FRA,DF,Real Madrid,La Liga,29-255,1995,12,10,831,9.2,0,0,0,0,0,0,1,1,0.0,0.0,0.0,0.0,9,31,35,0.00,0.00,0.00,0.00,0.00,0.00,0.00,0.00,0.00,0.00
346,Miguel,es ESP,FW,Leganés,La Liga,25-168,1999,23,16,"1,455",16.2,1,3,4,0,1,2,3,0,4.1,2.5,1.4,3.9,12,15,76,0.06,0.19,0.25,0.00,0.19,0.25,0.09,0.34,0.15,0.24
347,Éder Militão,br BRA,DF,Real Madrid,La Liga,27-031,1998,12,11,938,10.4,1,1,2,1,0,0,2,0,0.6,0.6,0.5,1.1,7,46,1,0.10,0.10,0.19,0.10,0.19,0.06,0.05,0.11,0.06,0.11
348,Luis Milla,es ESP,MF,Getafe,La Liga,30-134,1994,21,21,"1,866",20.7,1,2,3,0,1,1,3,0,1.5,0.7,1.9,2.6,23,104,21,0.05,0.10,0.14,0.00,0.10,0.07,0.09,0.16,0.03,0.13
349,Pere Milla,es ESP,"MF,FW",Espanyol,La Liga,32-148,1992,9,1,229,2.5,0,0,0,0,0,0,2,0,0.3,0.3,0.1,0.4,4,5,18,0.00,0.00,0.00,0.00,0.00,0.11,0.04,0.15,0.11,0.15
350,Óscar Mingueza,es ESP,"MF,DF",Celta Vigo,La Liga,25-281,1999,21,19,"1,633",18.1,2,5,7,2,0,0,3,1,0.8,0.8,4.7,5.5,46,110,118,0.11,0.28,0.39,0.11,0.39,0.05,0.26,0.30,0.05,0.30
351,Kim Minsu,kr KOR,"MF,FW",Girona,La Liga,19-030,2006,3,0,22,0.2,0,0,0,0,0,0,0,0,0.0,0.0,0.0,0.0,0,0,2,0.00,0.00,0.00,0.00,0.00,0.00,0.00,0.00,0.00,0.00
352,Bojan Miovski,mk MKD,FW,Girona,La Liga,25-239,1999,11,9,638,7.1,2,1,3,2,0,0,0,0,2.7,2.7,0.1,2.8,3,2,28,0.28,0.14,0.42,0.28,0.42,0.37,0.02,0.39,0.37,0.39
353,Rafa Mir,es ESP,"FW,MF",Valencia,La Liga,27-245,1997,7,3,314,3.5,0,1,1,0,0,0,2,0,1.8,1.8,0.4,2.2,3,4,6,0.00,0.29,0.29,0.00,0.29,0.52,0.11,0.63,0.52,0.63
354,Luka Modrić,hr CRO,MF,Real Madrid,La Liga,39-162,1985,23,8,975,10.8,1,3,4,1,0,0,5,0,1.2,1.2,4.2,5.3,31,95,33,0.09,0.28,0.37,0.09,0.37,0.11,0.38,0.49,0.11,0.49
355,Johan Mojica,co COL,DF,Mallorca,La Liga,32-181,1992,23,20,"1,841",20.5,1,2,3,1,0,0,4,0,0.7,0.7,2.4,3.1,41,94,82,0.05,0.10,0.15,0.05,0.15,0.04,0.12,0.15,0.04,0.15
356,Alberto Moleiro,es ESP,"FW,MF",Las Palmas,La Liga,21-141,2003,23,21,"1,789",19.9,4,0,4,4,0,0,4,0,4.5,4.5,2.4,6.9,62,81,134,0.20,0.00,0.20,0.20,0.20,0.23,0.12,0.35,0.23,0.35
357,Nahuel Molina,ar ARG,DF,Atlético Madrid,La Liga,26-318,1998,17,12,"1,045",11.6,0,3,3,0,0,0,0,0,0.5,0.5,1.3,1.9,27,41,61,0.00,0.26,0.26,0.00,0.26,0.05,0.11,0.16,0.05,0.16
358,Jon Moncayola,es ESP,MF,Osasuna,La Liga,26-281,1998,22,18,"1,490",16.6,0,0,0,0,0,0,7,0,1.5,1.5,2.1,3.6,17,73,39,0.00,0.00,0.00,0.00,0.00,0.09,0.13,0.22,0.09,0.22
359,Gonzalo Montiel,ar ARG,"DF,MF",Sevilla,La Liga,28-048,1997,6,1,113,1.3,0,0,0,0,0,0,1,0,0.0,0.0,0.0,0.0,3,2,3,0.00,0.00,0.00,0.00,0.00,0.02,0.00,0.02,0.02,0.02
360,Gerard Moreno,es ESP,FW,Villarreal,La Liga,32-317,1992,12,6,599,6.7,3,1,4,0,3,3,0,0,4.2,1.8,3.0,4.9,11,44,50,0.45,0.15,0.60,0.00,0.15,0.63,0.46,1.09,0.28,0.73
361,Mateu Morey,es ESP,DF,Mallorca,La Liga,24-353,2000,8,4,382,4.2,0,0,0,0,0,0,1,0,0.0,0.0,0.1,0.1,13,9,18,0.00,0.00,0.00,0.00,0.00,0.01,0.03,0.04,0.01,0.04
362,Ilaix Moriba,gn GUI,MF,Celta Vigo,La Liga,22-030,2003,20,13,"1,189",13.2,0,1,1,0,0,0,7,1,0.5,0.5,1.1,1.6,24,68,34,0.00,0.08,0.08,0.00,0.08,0.04,0.09,0.12,0.04,0.12
363,Manu Morlanes,es ESP,MF,Mallorca,La Liga,26-037,1999,16,12,"1,031",11.5,0,0,0,0,0,0,5,0,0.4,0.4,0.2,0.6,14,64,27,0.00,0.00,0.00,0.00,0.00,0.03,0.02,0.05,0.03,0.05
364,Raúl Moro,es ESP,"FW,MF",Valladolid,La Liga,22-075,2002,19,14,"1,306",14.5,3,1,4,3,0,0,1,0,1.8,1.8,3.2,5.1,64,50,111,0.21,0.07,0.28,0.21,0.28,0.13,0.22,0.35,0.13,0.35
365,Cristhian Mosquera,es ESP,DF,Valencia,La Liga,20-236,2004,23,23,"2,059",22.9,1,0,1,1,0,0,5,0,0.4,0.4,0.0,0.4,20,67,5,0.04,0.00,0.04,0.04,0.04,0.02,0.00,0.02,0.02,0.02
366,Santiago Mouriño,uy URU,DF,Alavés,La Liga,23-005,2002,13,8,769,8.5,0,0,0,0,0,0,2,0,0.2,0.2,0.4,0.6,10,23,0,0.00,0.00,0.00,0.00,0.00,0.02,0.05,0.08,0.02,0.08
367,Abdul Mumin,gh GHA,DF,Rayo Vallecano,La Liga,26-257,1998,22,22,"1,893",21.0,2,1,3,2,0,0,6,1,0.6,0.6,0.2,0.7,11,36,4,0.10,0.05,0.14,0.10,0.14,0.03,0.01,0.04,0.03,0.04
368,Aihen Muñoz,es ESP,DF,Real Sociedad,La Liga,27-186,1997,13,8,584,6.5,0,0,0,0,0,0,4,0,0.1,0.1,0.1,0.2,14,23,8,0.00,0.00,0.00,0.00,0.00,0.01,0.02,0.03,0.01,0.03
369,Álex Muñoz,es ESP,DF,Las Palmas,La Liga,30-203,1994,14,12,983,10.9,3,0,3,3,0,0,1,0,0.7,0.7,0.4,1.2,10,34,37,0.27,0.00,0.27,0.27,0.27,0.07,0.04,0.11,0.07,0.11
370,Iker Muñoz,es ESP,MF,Osasuna,La Liga,22-105,2002,12,3,355,3.9,0,0,0,0,0,0,1,0,0.2,0.2,0.2,0.4,3,12,5,0.00,0.00,0.00,0.00,0.00,0.04,0.06,0.10,0.04,0.10
371,Javier Muñoz,es ESP,"MF,DF",Las Palmas,La Liga,29-356,1995,24,18,"1,711",19.0,0,2,2,0,0,0,2,0,0.8,0.8,2.0,2.8,24,75,62,0.00,0.11,0.11,0.00,0.11,0.04,0.11,0.15,0.04,0.15
372,Vedat Muriqi,xk KVX,FW,Mallorca,La Liga,30-300,1994,19,15,"1,367",15.2,6,2,8,5,1,1,1,2,6.4,5.6,1.3,6.9,15,25,71,0.40,0.13,0.53,0.33,0.46,0.42,0.08,0.51,0.37,0.46
373,Juan Musso,ar ARG,GK,Atlético Madrid,La Liga,30-288,1994,1,1,90,1.0,0,0,0,0,0,0,0,0,0.0,0.0,0.0,0.0,0,0,0,0.00,0.00,0.00,0.00,0.00,0.00,0.00,0.00,0.00,0.00
374,Matija Nastasić,rs SRB,DF,Leganés,La Liga,31-327,1993,19,17,"1,569",17.4,1,0,1,1,0,0,2,0,0.1,0.1,0.0,0.1,0,40,0,0.06,0.00,0.06,0.06,0.06,0.00,0.00,0.00,0.00,0.00
375,Natan,br BRA,DF,Betis,La Liga,24-012,2001,18,13,"1,227",13.6,0,0,0,0,0,0,2,1,0.2,0.2,0.6,0.7,10,36,6,0.00,0.00,0.00,0.00,0.00,0.01,0.04,0.05,0.01,0.05
376,Pau Navarro,es ESP,DF,Villarreal,La Liga,19-299,2005,10,3,518,5.8,0,0,0,0,0,0,0,0,0.0,0.0,0.0,0.0,2,27,7,0.00,0.00,0.00,0.00,0.00,0.00,0.00,0.00,0.00,0.00
377,Roberto Navarro,es ESP,"MF,FW",Mallorca,La Liga,22-312,2002,21,14,"1,183",13.1,1,0,1,1,0,0,3,0,1.2,1.2,1.9,3.1,42,47,78,0.08,0.00,0.08,0.08,0.08,0.09,0.15,0.24,0.09,0.24
378,Jesús Navas,es ESP,"FW,MF",Sevilla,La Liga,39-089,1985,15,3,424,4.7,1,0,1,1,0,0,0,0,0.5,0.5,0.5,1.0,13,23,48,0.21,0.00,0.21,0.21,0.21,0.11,0.11,0.22,0.11,0.22
379,Yvan Neyou,cm CMR,MF,Leganés,La Liga,28-046,1997,19,18,"1,560",17.3,1,1,2,1,0,0,10,0,0.6,0.6,0.4,1.0,17,63,18,0.06,0.06,0.12,0.06,0.12,0.03,0.02,0.06,0.03,0.06
380,Tanguy Nianzou,fr FRA,DF,Sevilla,La Liga,22-256,2002,6,6,518,5.8,0,0,0,0,0,0,3,1,0.2,0.2,0.0,0.2,4,10,0,0.00,0.00,0.00,0.00,0.00,0.03,0.00,0.03,0.03,0.03
381,Saúl Ñíguez,es ESP,MF,Sevilla,La Liga,30-089,1994,12,10,885,9.8,1,5,6,1,0,0,5,1,2.0,2.0,2.1,4.1,8,39,27,0.10,0.51,0.61,0.10,0.61,0.20,0.22,0.42,0.20,0.42
382,Tamás Nikitscher,hu HUN,MF,Valladolid,La Liga,25-107,1999,3,2,200,2.2,0,0,0,0,0,0,1,0,0.0,0.0,0.0,0.0,0,1,1,0.00,0.00,0.00,0.00,0.00,0.00,0.01,0.01,0.00,0.01
383,Adrian Niño,es ESP,FW,Atlético Madrid,La Liga,20-244,2004,1,0,12,0.1,0,0,0,0,0,0,0,0,0.2,0.2,0.0,0.2,0,0,1,0.00,0.00,0.00,0.00,0.00,1.44,0.00,1.44,1.44,1.44
384,Hugo Novoa,es ESP,"DF,MF",Alavés,La Liga,22-048,2003,5,2,237,2.6,0,0,0,0,0,0,0,0,0.5,0.5,0.2,0.7,7,2,10,0.00,0.00,0.00,0.00,0.00,0.18,0.07,0.26,0.18,0.26
385,Randy Nteka,ao ANG,FW,Rayo Vallecano,La Liga,27-074,1997,18,10,777,8.6,3,0,3,3,0,0,5,0,2.1,2.1,0.5,2.6,7,6,28,0.35,0.00,0.35,0.35,0.35,0.24,0.06,0.30,0.24,0.30
386,Unai Núñez,es ESP,DF,Athletic Club,La Liga,28-019,1997,3,3,270,3.0,0,0,0,0,0,0,1,0,0.2,0.2,0.0,0.2,0,10,0,0.00,0.00,0.00,0.00,0.00,0.08,0.00,0.08,0.08,0.08
387,Orjan Nyland,no NOR,GK,Sevilla,La Liga,34-161,1990,17,17,"1,503",16.7,0,0,0,0,0,0,1,0,0.0,0.0,0.2,0.2,0,1,0,0.00,0.00,0.00,0.00,0.00,0.00,0.01,0.01,0.00,0.01
388,Allan Nyom,cm CMR,"DF,MF",Getafe,La Liga,36-284,1988,10,7,578,6.4,1,1,2,1,0,0,4,0,0.5,0.5,0.3,0.7,4,17,17,0.16,0.16,0.31,0.16,0.31,0.07,0.04,0.11,0.07,0.11
389,Jan Oblak,si SVN,GK,Atlético Madrid,La Liga,32-042,1993,23,23,"2,070",23.0,0,0,0,0,0,0,0,0,0.0,0.0,0.0,0.0,0,0,0,0.00,0.00,0.00,0.00,0.00,0.00,0.00,0.00,0.00,0.00
391,Álvaro Odriozola,es ESP,DF,Real Sociedad,La Liga,29-066,1995,2,0,43,0.5,0,0,0,0,0,0,1,0,0.0,0.0,0.0,0.0,0,3,0,0.00,0.00,0.00,0.00,0.00,0.00,0.00,0.00,0.00,0.00
392,Thiago Ojeda,ar ARG,MF,Villarreal,La Liga,22-037,2003,1,0,8,0.1,0,0,0,0,0,0,1,0,0.0,0.0,0.0,0.0,1,2,0,0.00,0.00,0.00,0.00,0.00,0.12,0.00,0.12,0.12,0.12
393,Olasagasti,es ESP,MF,Real Sociedad,La Liga,24-186,2000,12,2,392,4.4,0,1,1,0,0,0,1,0,0.6,0.6,0.6,1.2,4,22,22,0.00,0.23,0.23,0.00,0.23,0.13,0.15,0.27,0.13,0.27
394,Brian Oliván,es ESP,DF,Espanyol,La Liga,30-323,1994,17,12,"1,017",11.3,0,1,1,0,0,0,2,0,0.4,0.4,1.1,1.5,21,40,57,0.00,0.09,0.09,0.00,0.09,0.03,0.10,0.13,0.03,0.13
396,Dani Olmo,es ESP,"MF,FW",Barcelona,La Liga,26-287,1998,14,7,697,7.7,5,0,5,5,0,0,0,0,2.4,2.4,2.2,4.6,18,50,54,0.65,0.00,0.65,0.65,0.65,0.32,0.28,0.60,0.32,0.60
397,Aimar Oroz,es ESP,MF,Osasuna,La Liga,23-083,2001,24,23,"1,945",21.6,2,1,3,2,0,0,5,0,2.8,2.8,1.7,4.5,45,105,97,0.09,0.05,0.14,0.09,0.14,0.13,0.08,0.21,0.13,0.21
398,Ángel Ortíz,es ESP,DF,Betis,La Liga,20-208,2004,4,4,344,3.8,0,1,1,0,0,0,0,0,0.0,0.0,0.1,0.1,3,14,18,0.00,0.26,0.26,0.00,0.26,0.00,0.03,0.04,0.00,0.04
399,Gabriel Osei Misehouy,nl NED,"FW,MF",Girona,La Liga,19-215,2005,8,1,246,2.7,1,0,1,1,0,0,0,0,0.9,0.9,0.3,1.2,5,15,22,0.37,0.00,0.37,0.37,0.37,0.33,0.09,0.42,0.33,0.42
400,David Otorbi,es ESP,MF,Valencia,La Liga,17-125,2007,1,0,14,0.2,0,0,0,0,0,0,0,0,0.0,0.0,0.0,0.0,1,0,0,0.00,0.00,0.00,0.00,0.00,0.00,0.00,0.00,0.00,0.00
401,Jesús Owono,gq EQG,GK,Alavés,La Liga,23-354,2001,5,4,397,4.4,0,0,0,0,0,0,0,0,0.0,0.0,0.0,0.0,0,0,0,0.00,0.00,0.00,0.00,0.00,0.00,0.00,0.00,0.00,0.00
402,Mikel Oyarzabal,es ESP,FW,Real Sociedad,La Liga,27-303,1997,22,19,"1,432",15.9,4,2,6,2,2,2,3,1,5.1,3.5,2.3,5.7,16,17,85,0.25,0.13,0.38,0.13,0.25,0.32,0.14,0.46,0.22,0.36
403,Cenk Özkacar,tr TUR,DF,Valladolid,La Liga,24-135,2000,4,3,196,2.2,0,0,0,0,0,0,0,0,0.1,0.1,0.0,0.1,1,3,0,0.00,0.00,0.00,0.00,0.00,0.02,0.00,0.02,0.02,0.02
404,Jon Pacheco,es ESP,DF,Real Sociedad,La Liga,24-041,2001,11,7,629,7.0,0,0,0,0,0,0,3,0,0.1,0.1,0.0,0.1,11,20,0,0.00,0.00,0.00,0.00,0.00,0.01,0.00,0.01,0.01,0.01
405,Alex Padilla,es ESP,GK,Athletic Club,La Liga,21-170,2003,5,3,321,3.6,0,0,0,0,0,0,0,0,0.0,0.0,0.0,0.0,0,0,0,0.00,0.00,0.00,0.00,0.00,0.00,0.00,0.00,0.00,0.00
406,Isaac Palazón Camacho,es ESP,"FW,MF",Rayo Vallecano,La Liga,30-053,1994,24,18,"1,546",17.2,3,3,6,3,0,0,4,0,3.0,3.0,2.5,5.5,21,78,81,0.17,0.17,0.35,0.17,0.35,0.17,0.15,0.32,0.17,0.32
407,Aitor Paredes,es ESP,DF,Athletic Club,La Liga,24-295,2000,14,13,"1,135",12.6,3,0,3,3,0,0,4,1,2.2,2.2,0.0,2.2,2,34,1,0.24,0.00,0.24,0.24,0.24,0.18,0.00,0.18,0.18,0.18
408,Daniel Parejo,es ESP,MF,Villarreal,La Liga,35-308,1989,22,17,"1,487",16.5,3,1,4,2,1,2,6,0,2.2,0.5,0.6,1.1,10,119,19,0.18,0.06,0.24,0.12,0.18,0.13,0.03,0.17,0.03,0.06
409,Álvaro Pascual,es ESP,FW,Sevilla,La Liga,23-048,2002,2,0,62,0.7,0,0,0,0,0,0,1,0,0.0,0.0,0.0,0.0,1,0,2,0.00,0.00,0.00,0.00,0.00,0.00,0.00,0.00,0.00,0.00
410,Pedri,es ESP,MF,Barcelona,La Liga,22-085,2002,23,21,"1,785",19.8,4,3,7,4,0,0,2,0,1.8,1.8,5.0,6.8,54,193,75,0.20,0.15,0.35,0.20,0.35,0.09,0.25,0.34,0.09,0.34
411,Adrià Pedrosa,es ESP,DF,Sevilla,La Liga,26-281,1998,18,16,"1,341",14.9,1,1,2,1,0,0,6,0,0.3,0.3,0.6,0.9,23,47,58,0.07,0.07,0.13,0.07,0.13,0.02,0.04,0.06,0.02,0.06
412,Pejiño,es ESP,FW,Las Palmas,La Liga,28-204,1996,1,0,16,0.2,0,0,0,0,0,0,0,0,0.0,0.0,0.0,0.0,1,1,2,0.00,0.00,0.00,0.00,0.00,0.17,0.00,0.17,0.17,0.17
413,Andy Pelmard,fr FRA,DF,Las Palmas,La Liga,24-343,2000,4,2,205,2.3,0,0,0,0,0,0,1,0,0.0,0.0,0.0,0.1,1,13,5,0.00,0.00,0.00,0.00,0.00,0.00,0.02,0.03,0.00,0.03
414,Iñaki Peña,es ESP,GK,Barcelona,La Liga,25-353,1999,15,14,"1,306",14.5,0,0,0,0,0,0,1,0,0.0,0.0,0.0,0.0,0,3,0,0.00,0.00,0.00,0.00,0.00,0.00,0.00,0.00,0.00,0.00
415,Rubén Peña,es ESP,"FW,MF",Osasuna,La Liga,33-215,1991,17,5,541,6.0,0,0,0,0,0,0,1,0,0.6,0.6,0.3,0.9,14,13,34,0.00,0.00,0.00,0.00,0.00,0.10,0.05,0.15,0.10,0.15
416,Nicolas Pépé,ci CIV,"FW,MF",Villarreal,La Liga,29-265,1995,16,7,738,8.2,1,2,3,1,0,0,1,0,2.1,2.1,1.1,3.2,36,31,75,0.12,0.24,0.37,0.12,0.37,0.26,0.14,0.39,0.26,0.39
417,Peque,es ESP,"FW,MF",Sevilla,La Liga,22-137,2002,17,10,791,8.8,0,1,1,0,0,0,1,0,1.4,1.4,1.2,2.6,9,22,28,0.00,0.11,0.11,0.00,0.11,0.16,0.13,0.29,0.16,0.29
418,Ayoze Pérez,es ESP,FW,Villarreal,La Liga,31-204,1993,17,10,987,11.0,10,0,10,10,0,0,3,0,6.3,6.3,1.5,7.8,35,34,63,0.91,0.00,0.91,0.91,0.91,0.57,0.13,0.70,0.57,0.70
419,Carles Pérez,es ESP,"MF,FW",Getafe,La Liga,27-002,1998,20,14,"1,254",13.9,2,0,2,2,0,0,2,0,2.2,2.2,1.5,3.6,24,17,66,0.14,0.00,0.14,0.14,0.14,0.16,0.10,0.26,0.16,0.26
420,Francisco Perez,es ESP,"FW,MF",Valencia,La Liga,22-162,2002,12,3,299,3.3,0,0,0,0,0,0,1,0,0.1,0.1,2.1,2.2,9,9,37,0.00,0.00,0.00,0.00,0.00,0.04,0.63,0.67,0.04,0.67
422,Luis Pérez,es ESP,DF,Valladolid,La Liga,30-014,1995,23,23,"2,030",22.6,0,0,0,0,0,0,2,0,0.1,0.1,1.7,1.8,30,67,92,0.00,0.00,0.00,0.00,0.00,0.00,0.07,0.08,0.00,0.08
423,Romain Perraud,fr FRA,DF,Betis,La Liga,27-149,1997,20,16,"1,417",15.7,1,0,1,1,0,0,5,1,0.3,0.3,0.9,1.2,39,45,83,0.06,0.00,0.06,0.06,0.06,0.02,0.05,0.07,0.02,0.07
424,Pica,es ESP,DF,Alavés,La Liga,23-048,2002,8,5,487,5.4,0,0,0,0,0,0,1,0,0.3,0.3,0.0,0.4,3,15,0,0.00,0.00,0.00,0.00,0.00,0.06,0.01,0.07,0.06,0.07
425,Yeremi Pino,es ESP,MF,Villarreal,La Liga,22-121,2002,21,15,"1,171",13.0,1,4,5,1,0,0,6,0,2.4,2.4,3.5,5.9,27,35,140,0.08,0.31,0.38,0.08,0.38,0.19,0.27,0.46,0.19,0.46
426,Portu,es ESP,"FW,MF",Girona,La Liga,32-273,1992,14,1,277,3.1,0,1,1,0,0,0,4,0,0.0,0.0,0.4,0.5,5,8,32,0.00,0.32,0.32,0.00,0.32,0.02,0.14,0.16,0.02,0.16
427,Beñat Prados,es ESP,MF,Athletic Club,La Liga,24-010,2001,19,13,"1,062",11.8,1,0,1,1,0,0,6,0,0.7,0.7,0.8,1.6,11,45,25,0.08,0.00,0.08,0.08,0.08,0.06,0.07,0.13,0.06,0.13
428,Abdón Prats,es ESP,"FW,MF",Mallorca,La Liga,32-073,1992,16,1,237,2.6,2,0,2,1,1,1,4,0,1.9,1.1,0.0,1.1,0,5,7,0.76,0.00,0.76,0.38,0.38,0.72,0.00,0.72,0.42,0.42
429,Javi Puado,es ESP,"FW,MF",Espanyol,La Liga,26-269,1998,22,22,"1,894",21.0,8,1,9,6,2,2,4,0,6.5,4.9,0.9,5.9,42,43,65,0.38,0.05,0.43,0.29,0.33,0.31,0.04,0.35,0.23,0.28
430,Dani Raba,es ESP,"FW,MF",Leganés,La Liga,29-112,1995,16,12,945,10.5,3,4,7,0,3,4,3,0,3.7,0.5,2.4,2.9,23,29,52,0.29,0.38,0.67,0.00,0.38,0.35,0.23,0.58,0.05,0.28
431,Antonio Raillo,es ESP,DF,Mallorca,La Liga,33-133,1991,23,23,"2,037",22.6,1,0,1,1,0,0,2,1,1.2,1.2,1.3,2.5,19,67,14,0.04,0.00,0.04,0.04,0.04,0.05,0.06,0.11,0.05,0.11
432,Benito Ramírez,es ESP,"DF,MF",Las Palmas,La Liga,29-222,1995,15,1,377,4.2,0,0,0,0,0,0,2,1,0.2,0.2,0.7,0.9,14,13,51,0.00,0.00,0.00,0.00,0.00,0.05,0.17,0.22,0.05,0.22
433,Sandro Ramírez,es ESP,"FW,MF",Las Palmas,La Liga,29-224,1995,19,16,"1,311",14.6,7,3,10,7,0,0,5,0,2.6,2.6,2.2,4.8,37,28,75,0.48,0.21,0.69,0.48,0.69,0.18,0.15,0.33,0.18,0.33
434,Raphinha,br BRA,"FW,MF",Barcelona,La Liga,28-066,1996,24,23,"1,981",22.0,13,6,19,12,1,1,3,0,14.4,13.6,10.0,23.6,70,105,235,0.59,0.27,0.86,0.55,0.82,0.65,0.46,1.11,0.62,1.07
435,Andrei Ratiu,ro ROU,DF,Rayo Vallecano,La Liga,26-243,1998,22,21,"1,908",21.2,1,2,3,1,0,0,3,0,1.3,1.3,3.3,4.7,69,83,93,0.05,0.09,0.14,0.05,0.14,0.06,0.16,0.22,0.06,0.22
436,Raúl,es ESP,"FW,MF",Osasuna,La Liga,24-107,2000,22,4,582,6.5,2,0,2,2,0,0,0,0,1.8,1.8,0.6,2.4,10,13,36,0.31,0.00,0.31,0.31,0.31,0.28,0.09,0.37,0.28,0.37
437,Abderrahman Rebbach,dz ALG,"FW,MF",Alavés,La Liga,26-191,1998,8,4,385,4.3,0,0,0,0,0,0,1,0,0.2,0.2,0.3,0.5,16,5,34,0.00,0.00,0.00,0.00,0.00,0.04,0.07,0.11,0.04,0.11
438,Álex Remiro,es ESP,GK,Real Sociedad,La Liga,29-331,1995,24,24,"2,160",24.0,0,0,0,0,0,0,0,0,0.0,0.0,0.0,0.0,0,1,0,0.00,0.00,0.00,0.00,0.00,0.00,0.00,0.00,0.00,0.00
439,Diego Rico,es ESP,DF,Getafe,La Liga,31-361,1993,22,21,"1,887",21.0,0,2,2,0,0,0,5,0,0.3,0.3,1.9,2.2,20,89,66,0.00,0.10,0.10,0.00,0.10,0.01,0.09,0.10,0.01,0.10
440,Luis Rioja,es ESP,FW,Alavés,La Liga,31-125,1993,1,0,23,0.3,0,0,0,0,0,0,0,0,0.0,0.0,0.1,0.1,4,1,3,0.00,0.00,0.00,0.00,0.00,0.00,0.57,0.57,0.00,0.57
441,Luis Rioja,es ESP,"MF,FW",Valencia,La Liga,31-125,1993,23,22,"1,907",21.2,5,1,6,3,2,2,3,0,2.9,1.3,2.7,4.0,59,53,133,0.24,0.05,0.28,0.14,0.19,0.14,0.13,0.26,0.06,0.19
442,Rodrigo Riquelme,es ESP,"DF,MF",Atlético Madrid,La Liga,24-322,2000,11,4,414,4.6,0,1,1,0,0,0,0,0,0.7,0.7,0.6,1.3,35,19,48,0.00,0.22,0.22,0.00,0.22,0.16,0.12,0.28,0.16,0.28
443,Alberto Risco,es ESP,"MF,FW",Getafe,La Liga,19-172,2005,5,0,69,0.8,0,0,0,0,0,0,0,0,0.2,0.2,0.1,0.3,3,3,6,0.00,0.00,0.00,0.00,0.00,0.22,0.19,0.41,0.22,0.41
444,Mihailo Ristić,rs SRB,"MF,DF",Celta Vigo,La Liga,29-110,1995,5,3,202,2.2,0,1,1,0,0,0,1,0,0.0,0.0,0.0,0.0,1,4,8,0.00,0.45,0.45,0.00,0.45,0.00,0.01,0.01,0.00,0.01
445,Gorka Rivera Alonso,es ESP,"DF,MF",Getafe,La Liga,20-201,2004,1,0,20,0.2,0,0,0,0,0,0,0,0,0.0,0.0,0.0,0.0,0,1,0,0.00,0.00,0.00,0.00,0.00,0.00,0.00,0.00,0.00,0.00
446,Marc Roca,es ESP,MF,Betis,La Liga,28-084,1996,14,11,906,10.1,2,2,4,2,0,0,4,0,1.1,1.1,1.0,2.1,11,59,13,0.20,0.20,0.40,0.20,0.40,0.11,0.10,0.21,0.11,0.21
447,Rodri,es ESP,FW,Betis,La Liga,24-278,2000,3,1,118,1.3,0,0,0,0,0,0,0,0,0.2,0.2,0.1,0.2,4,8,11,0.00,0.00,0.00,0.00,0.00,0.13,0.06,0.19,0.13,0.19
448,Álvaro Rodríguez,uy URU,FW,Getafe,La Liga,20-219,2004,14,4,522,5.8,2,0,2,2,0,0,2,0,0.7,0.7,0.2,0.9,1,7,32,0.34,0.00,0.34,0.34,0.34,0.11,0.03,0.15,0.11,0.15
449,Óscar Rodríguez Arnaiz,es ESP,MF,Leganés,La Liga,26-235,1998,17,9,832,9.2,1,3,4,1,0,0,3,1,1.1,1.1,1.0,2.1,15,38,34,0.11,0.32,0.43,0.11,0.43,0.12,0.11,0.23,0.12,0.23
450,Damián Rodríguez,es ESP,MF,Celta Vigo,La Liga,21-338,2003,12,6,655,7.3,0,0,0,0,0,0,2,0,0.0,0.0,0.5,0.6,4,41,5,0.00,0.00,0.00,0.00,0.00,0.00,0.07,0.08,0.00,0.08
451,Dani Rodríguez,es ESP,"MF,FW",Mallorca,La Liga,36-257,1988,24,17,"1,413",15.7,4,5,9,4,0,0,2,0,2.5,2.5,2.3,4.8,30,58,71,0.25,0.32,0.57,0.25,0.57,0.16,0.15,0.30,0.16,0.30
452,James Rodríguez,co COL,"MF,FW",Rayo Vallecano,La Liga,33-221,1991,6,1,140,1.6,0,0,0,0,0,0,1,0,0.3,0.3,0.2,0.5,3,13,7,0.00,0.00,0.00,0.00,0.00,0.19,0.11,0.29,0.19,0.29
453,Javi Rodríguez,es ESP,DF,Celta Vigo,La Liga,21-237,2003,22,15,"1,482",16.5,2,2,4,2,0,0,5,0,1.5,1.5,0.9,2.4,18,75,31,0.12,0.12,0.24,0.12,0.24,0.09,0.06,0.15,0.09,0.15
454,Jesus Rodríguez,es ESP,FW,Betis,La Liga,19-089,2005,8,6,473,5.3,1,0,1,1,0,0,0,0,0.6,0.6,0.1,0.7,24,19,49,0.19,0.00,0.19,0.19,0.19,0.12,0.02,0.14,0.12,0.14
455,Kirian Rodríguez,es ESP,MF,Las Palmas,La Liga,28-350,1996,21,21,"1,758",19.5,0,3,3,0,0,0,2,0,1.6,1.6,1.5,3.0,25,128,39,0.00,0.15,0.15,0.00,0.15,0.08,0.07,0.16,0.08,0.16
456,Ricardo Rodríguez,ch SUI,DF,Betis,La Liga,32-177,1992,10,7,599,6.7,0,0,0,0,0,0,0,0,0.0,0.0,0.3,0.3,5,29,19,0.00,0.00,0.00,0.00,0.00,0.00,0.04,0.04,0.00,0.04
457,Rodrygo,br BRA,FW,Real Madrid,La Liga,24-040,2001,21,16,"1,398",15.5,6,5,11,6,0,0,0,0,3.0,2.9,2.7,5.6,76,82,189,0.39,0.32,0.71,0.39,0.71,0.19,0.17,0.37,0.19,0.36
458,Leo Román,es ESP,GK,Mallorca,La Liga,24-227,2000,5,5,450,5.0,0,0,0,0,0,0,0,0,0.0,0.0,0.0,0.0,0,0,0,0.00,0.00,0.00,0.00,0.00,0.00,0.00,0.00,0.00,0.00
459,Carlos Romero,es ESP,"DF,MF",Espanyol,La Liga,23-112,2001,20,14,"1,303",14.5,2,1,3,2,0,0,5,0,1.3,1.3,0.9,2.2,28,38,56,0.14,0.07,0.21,0.14,0.21,0.09,0.06,0.15,0.09,0.15
460,Isaac Romero,es ESP,FW,Sevilla,La Liga,24-276,2000,20,19,"1,564",17.4,3,2,5,3,0,1,8,0,4.5,3.7,1.8,5.5,16,18,73,0.17,0.12,0.29,0.17,0.29,0.26,0.10,0.36,0.21,0.32
461,Luka Romero,ar ARG,"FW,MF",Alavés,La Liga,20-092,2004,6,2,199,2.2,0,0,0,0,0,1,0,0,0.8,0.0,0.2,0.2,3,0,12,0.00,0.00,0.00,0.00,0.00,0.37,0.08,0.45,0.01,0.09
462,Oriol Romeu,es ESP,MF,Girona,La Liga,33-147,1991,15,12,946,10.5,0,0,0,0,0,0,5,0,0.1,0.1,0.1,0.2,11,53,5,0.00,0.00,0.00,0.00,0.00,0.01,0.01,0.02,0.01,0.02
463,Vitor Roque,br BRA,FW,Betis,La Liga,19-356,2005,21,14,"1,224",13.6,4,0,4,4,0,0,4,0,6.1,6.1,1.2,7.3,24,17,57,0.29,0.00,0.29,0.29,0.29,0.45,0.09,0.53,0.45,0.53
464,Valentin Rosier,fr FRA,DF,Leganés,La Liga,28-183,1996,21,17,"1,633",18.1,0,2,2,0,0,0,5,0,0.3,0.3,0.6,0.9,24,37,50,0.00,0.11,0.11,0.00,0.11,0.02,0.03,0.05,0.02,0.05
465,Antonio Rüdiger,de GER,DF,Real Madrid,La Liga,31-352,1993,22,21,"1,806",20.1,0,0,0,0,0,0,2,0,1.3,1.3,0.2,1.5,14,69,2,0.00,0.00,0.00,0.00,0.00,0.06,0.01,0.07,0.06,0.07
466,Aitor Ruibal,es ESP,"FW,DF",Betis,La Liga,28-333,1996,17,7,656,7.3,0,2,2,0,0,0,3,0,0.6,0.6,1.3,1.9,15,24,40,0.00,0.27,0.27,0.00,0.27,0.08,0.18,0.26,0.08,0.26
467,Abel Ruiz,es ESP,FW,Girona,La Liga,25-021,2000,17,14,"1,099",12.2,4,0,4,3,1,2,3,0,4.5,3.0,0.4,3.3,16,18,57,0.33,0.00,0.33,0.25,0.25,0.37,0.03,0.40,0.24,0.27
468,Ferrán Ruiz,es ESP,MF,Girona,La Liga,21-298,2003,1,0,18,0.2,0,0,0,0,0,0,0,0,0.0,0.0,0.0,0.0,0,1,0,0.00,0.00,0.00,0.00,0.00,0.00,0.00,0.00,0.00,0.00
469,Youssouf Sabaly,sn SEN,DF,Betis,La Liga,31-350,1993,14,12,"1,018",11.3,0,0,0,0,0,0,1,0,0.1,0.1,0.4,0.5,12,34,36,0.00,0.00,0.00,0.00,0.00,0.01,0.03,0.05,0.01,0.05
470,Umar Sadiq,ng NGA,FW,Valencia,La Liga,28-016,1997,4,0,115,1.3,1,0,1,1,0,0,2,0,0.3,0.3,0.1,0.4,3,1,9,0.78,0.00,0.78,0.78,0.78,0.24,0.10,0.34,0.24,0.34
471,Umar Sadiq,ng NGA,FW,Real Sociedad,La Liga,28-016,1997,7,2,227,2.5,0,0,0,0,0,0,1,0,0.2,0.2,0.2,0.4,5,5,18,0.00,0.00,0.00,0.00,0.00,0.09,0.06,0.15,0.09,0.15
472,Jorge Sáenz,es ESP,DF,Leganés,La Liga,28-093,1996,13,10,850,9.4,1,0,1,1,0,0,2,1,0.4,0.4,0.1,0.5,5,17,0,0.11,0.00,0.11,0.11,0.11,0.04,0.01,0.06,0.04,0.06
473,Jan Salas,es ESP,MF,Mallorca,La Liga,19-192,2005,2,0,19,0.2,0,0,0,0,0,0,0,0,0.1,0.1,0.0,0.1,0,0,0,0.00,0.00,0.00,0.00,0.00,0.27,0.00,0.27,0.27,0.27
474,Kike Salas,es ESP,DF,Sevilla,La Liga,22-301,2002,18,12,"1,115",12.4,0,2,2,0,0,0,3,0,0.3,0.3,0.5,0.8,5,39,12,0.00,0.16,0.16,0.00,0.16,0.02,0.04,0.07,0.02,0.07
475,Albert Sambi Lokonga,be BEL,MF,Sevilla,La Liga,25-119,1999,15,12,"1,117",12.4,0,2,2,0,0,0,3,0,0.3,0.3,0.5,0.8,19,68,14,0.00,0.16,0.16,0.00,0.16,0.03,0.04,0.07,0.03,0.07
476,Chuky san jose,es ESP,"MF,FW",Valladolid,La Liga,20-295,2004,7,3,237,2.6,0,0,0,0,0,0,1,0,0.2,0.2,0.1,0.2,1,2,6,0.00,0.00,0.00,0.00,0.00,0.06,0.03,0.09,0.06,0.09
477,Oihan Sancet,es ESP,MF,Athletic Club,La Liga,24-299,2000,20,16,"1,280",14.2,12,1,13,10,2,2,2,0,7.9,6.3,1.4,7.7,39,73,92,0.84,0.07,0.91,0.70,0.77,0.55,0.10,0.65,0.44,0.54
478,Antonio Sánchez,es ESP,"MF,DF",Mallorca,La Liga,28-048,1997,20,7,881,9.8,0,0,0,0,0,0,1,0,0.8,0.8,0.6,1.3,11,27,33,0.00,0.00,0.00,0.00,0.00,0.08,0.06,0.14,0.08,0.14
479,Iván Sánchez,es ESP,"MF,FW",Valladolid,La Liga,32-148,1992,20,7,819,9.1,1,1,2,1,0,0,4,0,0.3,0.3,1.4,1.7,29,39,49,0.11,0.11,0.22,0.11,0.22,0.03,0.15,0.18,0.03,0.18
480,Javi Sánchez,es ESP,DF,Valladolid,La Liga,27-341,1997,17,17,"1,389",15.4,1,0,1,1,0,0,3,0,0.3,0.3,0.2,0.5,3,17,4,0.06,0.00,0.06,0.06,0.06,0.02,0.01,0.03,0.02,0.03
481,Juanlu Sánchez,es ESP,"MF,DF",Sevilla,La Liga,21-187,2003,19,10,926,10.3,4,3,7,4,0,0,4,1,1.8,1.8,0.9,2.7,18,32,38,0.39,0.29,0.68,0.39,0.68,0.18,0.09,0.27,0.18,0.27
482,Manu Sánchez,es ESP,DF,Alavés,La Liga,24-178,2000,20,18,"1,600",17.8,0,0,0,0,0,0,6,0,0.6,0.6,0.4,1.0,31,51,57,0.00,0.00,0.00,0.00,0.00,0.03,0.02,0.06,0.03,0.06
483,Maroan Sannadi,es ESP,FW,Athletic Club,La Liga,24-017,2001,2,1,103,1.1,0,0,0,0,0,0,0,0,0.6,0.6,0.0,0.7,3,5,7,0.00,0.00,0.00,0.00,0.00,0.56,0.02,0.59,0.56,0.59
484,Jesús Santiago,es ESP,MF,Getafe,La Liga,20-269,2004,15,4,317,3.5,0,0,0,0,0,0,4,0,0.0,0.0,0.0,0.0,2,12,4,0.00,0.00,0.00,0.00,0.00,0.01,0.00,0.01,0.01,0.01
485,Aleksandar Sedlar,rs SRB,DF,Alavés,La Liga,33-067,1991,7,5,426,4.7,0,0,0,0,0,0,1,1,0.0,0.0,0.0,0.0,1,6,1,0.00,0.00,0.00,0.00,0.00,0.01,0.00,0.01,0.01,0.01
486,Sergi,es ESP,DF,Leganés,La Liga,32-304,1992,23,22,"1,976",22.0,2,0,2,2,0,0,2,1,1.1,1.1,0.4,1.5,3,48,1,0.09,0.00,0.09,0.09,0.09,0.05,0.02,0.07,0.05,0.07
487,Nicolás Serrano,es ESP,FW,Athletic Club,La Liga,21-350,2003,4,1,112,1.2,0,0,0,0,0,0,0,0,0.2,0.2,0.0,0.2,2,4,18,0.00,0.00,0.00,0.00,0.00,0.13,0.02,0.15,0.13,0.15
488,Fábio Silva,pt POR,FW,Las Palmas,La Liga,22-214,2002,17,16,"1,293",14.4,7,2,9,6,1,2,7,0,6.6,5.0,0.8,5.8,24,18,85,0.49,0.14,0.63,0.42,0.56,0.46,0.05,0.51,0.35,0.40
489,Rui Silva,pt POR,GK,Betis,La Liga,31-011,1994,15,15,"1,350",15.0,0,0,0,0,0,0,1,0,0.0,0.0,0.1,0.1,0,0,0,0.00,0.00,0.00,0.00,0.00,0.00,0.01,0.01,0.00,0.01
490,Giuliano Simeone,ar ARG,"MF,DF",Atlético Madrid,La Liga,22-062,2002,19,13,996,11.1,1,3,4,1,0,0,3,0,1.8,1.8,2.3,4.1,37,28,100,0.09,0.27,0.36,0.09,0.36,0.16,0.21,0.37,0.16,0.37
491,Unai Simón,es ESP,GK,Athletic Club,La Liga,27-252,1997,7,7,630,7.0,0,0,0,0,0,0,0,0,0.0,0.0,0.0,0.0,0,0,0,0.00,0.00,0.00,0.00,0.00,0.00,0.00,0.00,0.00,0.00
492,Daley Sinkgraven,nl NED,DF,Las Palmas,La Liga,29-229,1995,2,1,91,1.0,0,0,0,0,0,0,0,0,0.0,0.0,0.0,0.0,2,3,7,0.00,0.00,0.00,0.00,0.00,0.00,0.02,0.02,0.00,0.02
493,Jailson Siqueira,br BRA,"DF,MF",Celta Vigo,La Liga,29-164,1995,7,5,453,5.0,0,0,0,0,0,0,0,0,0.1,0.1,0.0,0.1,4,30,2,0.00,0.00,0.00,0.00,0.00,0.02,0.00,0.02,0.02,0.02
494,Antonio Sivera,es ESP,GK,Alavés,La Liga,28-191,1996,20,20,"1,763",19.6,0,0,0,0,0,0,4,0,0.0,0.0,0.1,0.1,0,1,0,0.00,0.00,0.00,0.00,0.00,0.00,0.01,0.01,0.00,0.01
495,Justin Smith,ca CAN,MF,Espanyol,La Liga,22-014,2003,5,3,209,2.3,0,0,0,0,0,0,0,0,0.0,0.0,0.0,0.0,4,6,7,0.00,0.00,0.00,0.00,0.00,0.00,0.02,0.02,0.00,0.02
496,Alex Sola,es ESP,"MF,FW",Getafe,La Liga,25-254,1999,19,13,"1,029",11.4,0,1,1,0,0,0,4,0,1.0,1.0,0.7,1.6,24,23,61,0.00,0.09,0.09,0.00,0.09,0.08,0.06,0.14,0.08,0.14
497,Jhon Solis,co COL,MF,Girona,La Liga,20-138,2004,12,2,393,4.4,1,0,1,1,0,0,1,0,0.6,0.6,0.1,0.7,4,23,11,0.23,0.00,0.23,0.23,0.23,0.14,0.02,0.15,0.14,0.15
498,David Soria,es ESP,GK,Getafe,La Liga,31-320,1993,24,24,"2,160",24.0,0,0,0,0,0,0,1,0,0.0,0.0,0.0,0.0,0,0,0,0.00,0.00,0.00,0.00,0.00,0.00,0.00,0.00,0.00,0.00
499,Juan Soriano,es ESP,GK,Leganés,La Liga,27-179,1997,6,6,540,6.0,0,0,0,0,0,0,1,1,0.0,0.0,0.0,0.0,0,0,0,0.00,0.00,0.00,0.00,0.00,0.00,0.00,0.00,0.00,0.00
500,Hugo Sotelo,es ESP,MF,Celta Vigo,La Liga,21-061,2003,16,10,894,9.9,0,0,0,0,0,0,4,0,0.1,0.1,1.3,1.4,15,65,29,0.00,0.00,0.00,0.00,0.00,0.01,0.13,0.14,0.01,0.14
501,Djibril Sow,ch SUI,MF,Sevilla,La Liga,28-012,1997,19,14,"1,245",13.8,1,1,2,1,0,0,4,0,1.8,1.8,0.6,2.3,14,70,31,0.07,0.07,0.14,0.07,0.14,0.13,0.04,0.17,0.13,0.17
502,Carl Starfelt,se SWE,DF,Celta Vigo,La Liga,29-262,1995,21,19,"1,716",19.1,1,0,1,1,0,0,5,0,0.3,0.3,0.1,0.4,5,47,1,0.05,0.00,0.05,0.05,0.05,0.02,0.01,0.02,0.02,0.02
503,Orri Steinn Óskarsson,is ISL,FW,Real Sociedad,La Liga,20-173,2004,16,5,562,6.2,3,0,3,3,0,0,0,0,4.7,4.7,0.1,4.8,4,7,38,0.48,0.00,0.48,0.48,0.48,0.76,0.01,0.78,0.76,0.78
504,Stoichkov,es ESP,"MF,FW",Alavés,La Liga,31-105,1993,16,6,699,7.8,0,1,1,0,0,0,1,0,1.1,1.1,1.2,2.3,9,26,41,0.00,0.13,0.13,0.00,0.13,0.14,0.15,0.30,0.14,0.30
505,Cristhian Stuani,uy URU,FW,Girona,La Liga,38-129,1986,19,1,490,5.4,4,2,6,2,2,2,2,0,4.8,3.4,0.3,3.7,1,4,17,0.73,0.37,1.10,0.37,0.73,0.89,0.06,0.95,0.62,0.68
506,Álex Suárez,es ESP,DF,Las Palmas,La Liga,31-337,1993,21,21,"1,732",19.2,0,0,0,0,0,0,9,0,0.1,0.1,0.1,0.1,1,34,1,0.00,0.00,0.00,0.00,0.00,0.00,0.00,0.01,0.00,0.01
507,Denis Suárez,es ESP,"MF,FW",Villarreal,La Liga,31-043,1994,13,4,360,4.0,1,1,2,1,0,0,0,0,0.8,0.8,0.5,1.3,12,16,19,0.25,0.25,0.50,0.25,0.50,0.20,0.12,0.32,0.20,0.32
508,Luka Sučić,hr CRO,MF,Real Sociedad,La Liga,22-163,2002,19,17,"1,416",15.7,1,1,2,1,0,0,2,0,2.7,2.7,1.6,4.3,26,68,40,0.06,0.06,0.13,0.06,0.13,0.17,0.10,0.27,0.17,0.27
509,Suso,es ESP,"FW,MF",Sevilla,La Liga,31-091,1993,8,0,179,2.0,0,0,0,0,0,0,1,0,0.2,0.2,0.4,0.6,7,14,16,0.00,0.00,0.00,0.00,0.00,0.12,0.19,0.31,0.12,0.31
510,Williot Swedberg,se SWE,"FW,MF",Celta Vigo,La Liga,21-017,2004,22,10,951,10.6,3,3,6,3,0,0,1,0,4.1,4.1,1.9,6.0,24,20,87,0.28,0.28,0.57,0.28,0.57,0.39,0.18,0.57,0.39,0.57
511,Mamadou Sylla,sn SEN,"FW,MF",Valladolid,La Liga,30-335,1994,17,11,941,10.5,2,1,3,0,2,2,2,0,3.2,1.6,1.4,3.0,12,10,32,0.19,0.10,0.29,0.00,0.10,0.30,0.13,0.44,0.15,0.29
512,Wojciech Szczęsny,pl POL,GK,Barcelona,La Liga,34-306,1990,4,4,360,4.0,0,0,0,0,0,0,0,0,0.0,0.0,0.0,0.0,0,0,0,0.00,0.00,0.00,0.00,0.00,0.00,0.00,0.00,0.00,0.00
513,Alexander Sørloth,no NOR,FW,Atlético Madrid,La Liga,29-075,1995,21,8,894,9.9,9,2,11,9,0,0,1,0,7.1,7.1,1.3,8.4,17,17,45,0.91,0.20,1.11,0.91,1.11,0.72,0.13,0.85,0.72,0.85
514,Renato Tapia,pe PER,"MF,DF",Leganés,La Liga,29-205,1995,21,15,"1,288",14.3,1,0,1,1,0,0,4,0,0.4,0.4,0.1,0.4,11,34,12,0.07,0.00,0.07,0.07,0.07,0.02,0.01,0.03,0.02,0.03
515,César Tárrega,es ESP,DF,Valencia,La Liga,22-358,2002,21,21,"1,856",20.6,2,0,2,2,0,0,3,0,1.5,1.5,0.0,1.6,17,54,1,0.10,0.00,0.10,0.10,0.10,0.07,0.00,0.08,0.07,0.08
516,Aurélien Tchouaméni,fr FRA,"DF,MF",Real Madrid,La Liga,25-022,2000,19,19,"1,634",18.2,0,0,0,0,0,0,1,0,1.1,1.1,0.5,1.6,14,112,7,0.00,0.00,0.00,0.00,0.00,0.06,0.03,0.09,0.06,0.09
517,Álvaro Tejero,es ESP,"MF,DF",Espanyol,La Liga,28-213,1996,21,13,"1,108",12.3,1,3,4,1,0,0,2,0,0.6,0.6,2.6,3.2,24,37,63,0.08,0.24,0.32,0.08,0.32,0.05,0.21,0.26,0.05,0.26
518,Martín Tejón,es ESP,"MF,DF",Valencia,La Liga,20-312,2004,4,0,49,0.5,0,0,0,0,0,0,0,0,0.1,0.1,0.0,0.1,0,4,6,0.00,0.00,0.00,0.00,0.00,0.16,0.05,0.21,0.16,0.21
519,Nahuel Tenaglia,ar ARG,DF,Alavés,La Liga,28-363,1996,21,21,"1,831",20.3,1,1,2,1,0,0,7,0,1.6,1.6,0.8,2.4,26,53,66,0.05,0.05,0.10,0.05,0.10,0.08,0.04,0.12,0.08,0.12
520,Marc-André ter Stegen,de GER,GK,Barcelona,La Liga,32-294,1992,6,6,494,5.5,0,0,0,0,0,0,0,0,0.0,0.0,0.0,0.0,0,0,0,0.00,0.00,0.00,0.00,0.00,0.00,0.00,0.00,0.00,0.00
521,Ramón Terrats,es ESP,"MF,FW",Villarreal,La Liga,24-123,2000,11,1,131,1.5,0,0,0,0,0,0,1,0,0.1,0.1,0.3,0.3,1,7,3,0.00,0.00,0.00,0.00,0.00,0.04,0.19,0.22,0.04,0.22
522,Ramón Terrats,es ESP,MF,Getafe,La Liga,24-123,2000,2,2,179,2.0,0,0,0,0,0,0,1,0,0.0,0.0,0.0,0.0,2,3,2,0.00,0.00,0.00,0.00,0.00,0.00,0.01,0.01,0.00,0.01
523,Pablo Torre,es ESP,"MF,FW",Barcelona,La Liga,21-321,2003,8,4,261,2.9,3,1,4,3,0,0,0,0,0.3,0.3,0.5,0.8,5,15,15,1.03,0.34,1.38,1.03,1.38,0.09,0.18,0.28,0.09,0.28
524,David Torres,es ESP,DF,Valladolid,La Liga,21-350,2003,15,12,"1,183",13.1,0,0,0,0,0,0,4,0,0.1,0.1,0.0,0.1,10,34,3,0.00,0.00,0.00,0.00,0.00,0.01,0.00,0.01,0.01,0.01
525,Ferrán Torres,es ESP,"FW,MF",Barcelona,La Liga,24-355,2000,17,7,651,7.2,4,2,6,4,0,0,1,1,3.6,3.6,1.4,5.0,15,20,57,0.55,0.28,0.83,0.55,0.83,0.50,0.19,0.69,0.50,0.69
526,Lucas Torró,es ESP,MF,Osasuna,La Liga,30-214,1994,22,22,"1,845",20.5,3,0,3,3,0,0,8,0,1.2,1.2,0.5,1.7,5,73,23,0.15,0.00,0.15,0.15,0.15,0.06,0.02,0.08,0.06,0.08
527,Hamari Traoré,ml MLI,DF,Real Sociedad,La Liga,33-022,1992,4,4,311,3.5,0,1,1,0,0,0,0,0,0.0,0.0,0.2,0.2,4,11,7,0.00,0.29,0.29,0.00,0.29,0.00,0.05,0.05,0.00,0.05
528,Óscar Trejo,ar ARG,"MF,FW",Rayo Vallecano,La Liga,36-298,1988,10,3,268,3.0,0,0,0,0,0,0,1,0,0.3,0.3,0.9,1.2,2,19,12,0.00,0.00,0.00,0.00,0.00,0.09,0.31,0.40,0.09,0.40
529,Viktor Tsyhankov,ua UKR,"FW,MF",Girona,La Liga,27-095,1997,13,10,822,9.1,1,3,4,1,0,0,1,0,1.2,1.2,1.7,2.9,24,34,98,0.11,0.33,0.44,0.11,0.44,0.13,0.19,0.32,0.13,0.32
530,Beñat Turrientes,es ESP,MF,Real Sociedad,La Liga,23-018,2002,13,8,606,6.7,0,0,0,0,0,0,4,0,0.4,0.4,0.1,0.5,13,29,26,0.00,0.00,0.00,0.00,0.00,0.06,0.01,0.08,0.06,0.08
531,Chrisantus Uche,ng NGA,"FW,MF",Getafe,La Liga,21-275,2003,24,21,"1,789",19.9,3,2,5,3,0,0,5,0,3.2,3.2,1.6,4.7,31,31,109,0.15,0.10,0.25,0.15,0.25,0.16,0.08,0.24,0.16,0.24
532,Naci Ünüvar,nl NED,"MF,DF",Espanyol,La Liga,21-250,2003,2,0,31,0.3,0,0,0,0,0,0,0,0,0.0,0.0,0.0,0.1,1,1,4,0.00,0.00,0.00,0.00,0.00,0.14,0.09,0.23,0.14,0.23
533,Óscar Valentín,es ESP,MF,Rayo Vallecano,La Liga,30-182,1994,24,14,"1,406",15.6,0,0,0,0,0,0,2,0,0.4,0.4,0.7,1.1,9,66,7,0.00,0.00,0.00,0.00,0.00,0.02,0.05,0.07,0.02,0.07
534,Germán Valera,es ESP,MF,Valencia,La Liga,22-339,2002,8,1,148,1.6,0,0,0,0,0,0,0,0,0.1,0.1,0.0,0.2,1,2,10,0.00,0.00,0.00,0.00,0.00,0.08,0.01,0.09,0.08,0.09
535,Martin Valjent,sk SVK,DF,Mallorca,La Liga,29-069,1995,19,19,"1,683",18.7,0,0,0,0,0,0,4,0,0.3,0.3,0.0,0.3,10,53,10,0.00,0.00,0.00,0.00,0.00,0.01,0.00,0.01,0.01,0.01
536,Jesús Vallejo,es ESP,DF,Real Madrid,La Liga,28-044,1997,1,0,11,0.1,0,0,0,0,0,0,0,0,0.0,0.0,0.0,0.0,0,0,0,0.00,0.00,0.00,0.00,0.00,0.00,0.00,0.00,0.00,0.00
537,Federico Valverde,uy URU,"MF,DF",Real Madrid,La Liga,26-211,1998,24,24,"2,099",23.3,5,3,8,5,0,0,3,0,1.2,1.2,2.2,3.4,48,154,50,0.21,0.13,0.34,0.21,0.34,0.05,0.10,0.14,0.05,0.14
538,Siebe Van Der Heyden,be BEL,"DF,MF",Mallorca,La Liga,26-264,1998,2,1,97,1.1,0,0,0,0,0,0,0,0,0.0,0.0,0.1,0.1,1,5,1,0.00,0.00,0.00,0.00,0.00,0.03,0.07,0.10,0.03,0.10
539,Ruben Vargas,ch SUI,FW,Sevilla,La Liga,26-197,1998,6,5,392,4.4,1,1,2,1,0,0,0,0,1.0,1.0,0.6,1.6,17,9,35,0.23,0.23,0.46,0.23,0.46,0.23,0.13,0.37,0.23,0.37
540,José Luis García Vayá,es ESP,MF,Valencia,La Liga,26-191,1998,21,14,"1,314",14.6,1,2,3,0,1,1,8,1,1.3,0.5,1.7,2.2,7,109,14,0.07,0.14,0.21,0.00,0.14,0.09,0.12,0.20,0.03,0.15
541,Jesus Vazquez,es ESP,DF,Valencia,La Liga,22-047,2003,13,8,684,7.6,0,0,0,0,0,0,3,0,0.1,0.1,0.2,0.3,25,17,38,0.00,0.00,0.00,0.00,0.00,0.01,0.03,0.05,0.01,0.05
542,Lucas Vázquez,es ESP,DF,Real Madrid,La Liga,33-232,1991,19,14,"1,223",13.6,1,3,4,1,0,0,3,0,1.3,1.3,3.9,5.2,20,62,123,0.07,0.22,0.29,0.07,0.29,0.09,0.28,0.38,0.09,0.38
543,Alejo Véliz,ar ARG,FW,Espanyol,La Liga,21-152,2003,20,10,946,10.5,1,0,1,1,0,0,2,0,1.8,1.8,0.5,2.4,1,7,23,0.10,0.00,0.10,0.10,0.10,0.17,0.05,0.22,0.17,0.22
544,Mikel Vesga,es ESP,MF,Athletic Club,La Liga,31-273,1993,17,6,615,6.8,0,0,0,0,0,0,1,0,0.3,0.3,0.5,0.8,4,48,17,0.00,0.00,0.00,0.00,0.00,0.04,0.08,0.12,0.04,0.12
545,Carlos Vicente,es ESP,"FW,MF",Alavés,La Liga,25-301,1999,23,23,"2,028",22.5,3,3,6,3,0,0,1,0,2.0,2.0,3.9,5.8,69,36,141,0.13,0.13,0.27,0.13,0.27,0.09,0.17,0.26,0.09,0.26
546,Pau Victor Delgado,es ESP,FW,Barcelona,La Liga,23-084,2001,15,1,215,2.4,2,1,3,2,0,0,2,0,2.0,2.0,0.8,2.7,2,8,22,0.84,0.42,1.26,0.84,1.26,0.81,0.31,1.13,0.81,1.13
547,Nacho Vidal,es ESP,DF,Osasuna,La Liga,30-025,1995,5,1,124,1.4,0,0,0,0,0,0,0,0,0.0,0.0,0.0,0.0,3,1,5,0.00,0.00,0.00,0.00,0.00,0.00,0.00,0.00,0.00,0.00
548,Fran Vieites,es ESP,GK,Betis,La Liga,25-287,1999,4,4,360,4.0,0,0,0,0,0,0,0,0,0.0,0.0,0.0,0.0,0,0,0,0.00,0.00,0.00,0.00,0.00,0.01,0.00,0.01,0.01,0.01
549,Asier Villalibre,es ESP,FW,Alavés,La Liga,27-141,1997,11,2,250,2.8,1,0,1,0,1,1,1,0,1.4,0.6,0.0,0.6,2,5,14,0.36,0.00,0.36,0.00,0.00,0.49,0.00,0.49,0.21,0.21
550,Iván Villar,es ESP,GK,Celta Vigo,La Liga,27-224,1997,4,4,360,4.0,0,0,0,0,0,0,0,0,0.0,0.0,0.0,0.0,0,0,0,0.00,0.00,0.00,0.00,0.00,0.00,0.00,0.00,0.00,0.00
551,Viti,es ESP,DF,Las Palmas,La Liga,27-155,1997,17,11,"1,016",11.3,0,2,2,0,0,0,4,0,0.0,0.0,0.9,0.9,23,28,38,0.00,0.18,0.18,0.00,0.18,0.00,0.08,0.08,0.00,0.08
552,Daniel Vivian,es ESP,DF,Athletic Club,La Liga,25-218,1999,21,19,"1,765",19.6,3,0,3,3,0,0,1,0,1.5,1.5,0.2,1.6,25,116,6,0.15,0.00,0.15,0.15,0.15,0.07,0.01,0.08,0.07,0.08
553,Iñaki Williams,gh GHA,"FW,MF",Athletic Club,La Liga,30-248,1994,23,22,"1,915",21.3,4,7,11,4,0,0,0,0,4.7,4.7,6.2,10.9,84,51,212,0.19,0.33,0.52,0.19,0.52,0.22,0.29,0.51,0.22,0.51
554,Nico Williams,es ESP,FW,Athletic Club,La Liga,22-221,2002,20,16,"1,443",16.0,1,4,5,1,0,0,1,0,2.8,2.8,2.8,5.7,94,51,186,0.06,0.25,0.31,0.06,0.31,0.18,0.18,0.35,0.18,0.35
555,Axel Witsel,be BEL,DF,Atlético Madrid,La Liga,36-037,1989,12,8,761,8.5,0,1,1,0,0,0,1,0,0.0,0.0,0.5,0.6,2,18,1,0.00,0.12,0.12,0.00,0.12,0.00,0.06,0.07,0.00,0.07
556,Lamine Yamal,es ESP,FW,Barcelona,La Liga,17-220,2007,21,19,"1,702",18.9,5,10,15,5,0,0,2,0,5.7,5.7,8.0,13.7,95,93,237,0.26,0.53,0.79,0.26,0.79,0.30,0.42,0.72,0.30,0.72
557,Daniel Yáñez,es ESP,FW,Real Madrid,La Liga,17-327,2007,1,0,2,0.0,0,0,0,0,0,0,0,0,0.0,0.0,0.0,0.0,0,0,0,0.00,0.00,0.00,0.00,0.00,0.00,0.00,0.00,0.00,0.00
558,Bertuğ Yildirim,tr TUR,FW,Getafe,La Liga,22-221,2002,17,12,925,10.3,1,0,1,1,0,0,7,0,2.4,2.4,0.9,3.2,6,10,38,0.10,0.00,0.10,0.10,0.10,0.23,0.08,0.31,0.23,0.31
559,Arsen Zakharyan,ru RUS,"FW,MF",Real Sociedad,La Liga,21-268,2003,2,0,28,0.3,0,0,0,0,0,0,0,0,0.0,0.0,0.0,0.0,0,2,3,0.00,0.00,0.00,0.00,0.00,0.00,0.00,0.00,0.00,0.00
560,Bryan Zaragoza,es ESP,"FW,MF",Osasuna,La Liga,23-299,2001,18,15,"1,193",13.3,1,5,6,1,0,0,3,0,1.8,1.8,2.5,4.4,69,32,92,0.08,0.38,0.45,0.08,0.45,0.14,0.19,0.33,0.14,0.33
561,Igor Zubeldia,es ESP,DF,Real Sociedad,La Liga,27-325,1997,20,20,"1,661",18.5,0,0,0,0,0,0,6,1,0.3,0.3,0.4,0.7,16,73,3,0.00,0.00,0.00,0.00,0.00,0.01,0.02,0.04,0.01,0.04
562,Martín Zubimendi,es ESP,MF,Real Sociedad,La Liga,26-016,1999,23,22,"1,984",22.0,1,1,2,1,0,0,4,0,1.6,1.6,0.8,2.5,28,139,33,0.05,0.05,0.09,0.05,0.09,0.07,0.04,0.11,0.07,0.11
